date,vix,dxy_ice,dxy_broad,gold,wti,us10y,fedrate,us2y,hy_oas,breakeven10y,nfci,stlfsi4,wti_front,brent_front,usdkrw,kospi,usdkrw_fred,us30y,real10y,term_premium10y,ig_oas,ccc_oas,sofr,iorb,fed_assets,reserves,rrp,tga
2023-08-02,16.09,102.59,119.13,1975.0,79.5,4.08,5.5,4.88,,2.36,,,79.49,83.2,1295.37,2616.47,1297.66,4.17,1.72,0.19,,,5.3,5.4,8206764.0,3189533.0,1770.19,517459.0
2023-08-03,15.92,102.54,119.4,1968.8,81.56,4.2,5.5,4.9,,2.37,,,81.55,85.14,1296.4,2605.39,1298.54,4.32,1.83,0.22,,,5.3,5.4,8206764.0,3189533.0,1776.77,517459.0
2023-08-04,17.1,102.02,118.82,1976.1,82.76,4.05,5.5,4.78,,2.38,-0.3,-0.72,82.82,86.24,,2602.8,1309.49,4.21,1.67,0.18,,,5.3,5.4,8206764.0,3189533.0,1793.8,517459.0
2023-08-07,15.77,102.05,119.08,1970.0,81.94,4.09,5.5,4.76,,2.41,-0.3,-0.72,81.94,85.34,1307.75,2580.71,1305.94,4.27,1.68,0.18,,,5.3,5.4,8206764.0,3189533.0,1810.58,517459.0
2023-08-08,15.99,102.53,119.64,1959.9,82.94,4.02,5.5,4.74,,2.36,-0.3,-0.72,82.92,86.17,1316.67,2573.98,1316.02,4.2,1.66,0.15,,,5.3,5.4,8206764.0,3189533.0,1778.35,517459.0
2023-08-09,15.96,102.49,119.48,1950.6,84.35,4.0,5.5,4.79,,2.34,-0.3,-0.72,84.4,87.55,1313.64,2605.12,1315.45,4.18,1.66,0.15,,,5.3,5.4,8208241.0,3222856.0,1796.52,444594.0
2023-08-10,15.85,102.52,119.16,1948.9,82.81,4.09,5.5,4.82,,2.33,-0.3,-0.72,82.82,86.4,1318.33,2601.56,1315.54,4.24,1.76,0.18,,,5.3,5.4,8208241.0,3222856.0,1759.9,444594.0
2023-08-11,14.84,102.84,119.63,1946.6,83.17,4.16,5.5,4.89,,2.36,-0.31,-0.65,83.19,86.81,,2591.26,1324.17,4.27,1.8,0.22,,,5.3,5.4,8208241.0,3222856.0,1773.24,444594.0
2023-08-14,14.82,103.19,120.07,1944.0,82.5,4.19,5.5,4.96,,2.36,-0.31,-0.65,82.51,86.21,1334.74,2570.87,1330.05,4.29,1.83,0.24,,,5.3,5.4,8208241.0,3222856.0,1799.31,444594.0
2023-08-15,16.46,103.21,120.21,1935.2,81.06,4.21,5.5,4.92,,2.32,-0.31,-0.65,80.99,84.89,1338.74,,1335.0,4.32,1.89,0.26,,,5.3,5.4,8208241.0,3222856.0,1743.78,444594.0
2023-08-16,16.78,103.42,120.36,1928.3,79.4,4.28,5.5,4.97,,2.32,-0.31,-0.65,79.38,83.45,1343.33,2525.64,1336.84,4.38,1.96,0.28,,,5.3,5.4,8145727.0,3245971.0,1796.72,435795.0
2023-08-17,17.89,103.44,120.52,1915.2,80.43,4.3,5.5,4.94,,2.33,-0.31,-0.65,80.39,84.12,1339.08,2519.85,1341.13,4.41,1.97,0.3,,,5.3,5.4,8145727.0,3245971.0,1794.12,435795.0
2023-08-18,17.3,103.38,120.43,1916.5,81.25,4.26,5.5,4.92,,2.32,-0.33,-0.63,81.25,84.8,,2504.5,1337.99,4.38,1.94,0.29,,,5.3,5.4,8145727.0,3245971.0,1819.2,435795.0
2023-08-21,17.13,103.33,120.46,1923.0,80.71,4.34,5.5,4.97,,2.34,-0.32,-0.62,80.72,84.46,1339.74,2508.8,1342.45,4.45,2.0,0.32,,,5.3,5.4,8145727.0,3245971.0,1824.79,435795.0
2023-08-22,16.97,103.56,120.36,1926.0,80.25,4.34,5.5,5.02,,2.35,-0.32,-0.62,80.35,84.03,1339.69,2515.74,1335.06,4.42,1.99,0.34,,,5.3,5.4,8145727.0,3245971.0,1812.29,435795.0
2023-08-23,15.98,103.36,120.03,1948.1,78.91,4.19,5.5,4.95,,2.35,-0.32,-0.62,78.89,83.21,1327.78,2505.5,1339.12,4.27,1.84,0.28,,,5.3,5.4,8139066.0,3186789.0,1816.53,413787.0
2023-08-24,17.2,103.98,120.24,1947.1,79.52,4.23,5.5,4.98,,2.32,-0.32,-0.62,79.05,83.36,1326.62,2537.68,1321.07,4.3,1.91,0.28,,,5.3,5.4,8139066.0,3186789.0,1731.62,413787.0
2023-08-25,15.68,104.08,120.51,1939.9,80.47,4.25,5.5,5.03,,2.33,-0.33,-0.67,79.83,84.48,,2519.14,1324.11,4.3,1.92,0.29,,,5.3,5.4,8139066.0,3186789.0,1687.38,413787.0
2023-08-28,15.08,104.06,120.32,1946.8,80.65,4.2,5.5,4.98,,2.3,-0.33,-0.67,80.1,84.42,1322.82,2543.41,1323.2,4.29,1.9,0.27,,,5.3,5.4,8139066.0,3186789.0,1708.61,413787.0
2023-08-29,14.45,103.55,120.27,1965.1,81.14,4.12,5.5,4.87,,2.29,-0.33,-0.67,81.16,85.49,1321.07,2552.16,1321.87,4.23,1.83,0.22,,,5.3,5.4,8139066.0,3186789.0,1693.28,413787.0
2023-08-30,13.88,103.16,119.79,1973.0,81.64,4.12,5.5,4.9,,2.26,-0.33,-0.67,81.63,85.86,1323.03,2561.22,1323.42,4.23,1.86,0.22,,,5.3,5.4,8121316.0,3238345.0,1696.82,470800.0
2023-08-31,13.57,103.62,120.22,1965.9,83.55,4.09,5.5,4.85,,2.24,-0.33,-0.67,83.63,86.86,1324.64,2556.27,1322.43,4.2,1.85,0.21,,,5.31,5.4,8121316.0,3238345.0,1651.6,470800.0
2023-09-01,13.09,104.24,120.76,1967.1,85.52,4.18,5.5,4.87,,2.26,-0.34,-0.67,85.55,88.55,,2563.71,1318.34,4.29,1.92,0.23,,,5.31,5.4,8121316.0,3238345.0,1574.07,470800.0
2023-09-04,13.82,,,,,,5.5,,,,-0.34,-0.68,,,1317.95,2584.55,,,,,,,,5.4,8121316.0,3238345.0,,470800.0
2023-09-05,14.01,104.81,121.43,1952.6,86.74,4.27,5.5,4.94,,2.29,-0.34,-0.68,86.69,90.04,1331.73,2582.18,1330.16,4.38,1.98,0.27,,,5.31,5.4,8121316.0,3238345.0,1568.49,470800.0
2023-09-06,14.45,104.86,121.87,1944.2,87.55,4.3,5.5,5.01,,2.3,-0.34,-0.68,87.54,90.6,1333.46,2563.34,1330.87,4.37,2.0,0.31,,,5.3,5.4,8101318.0,3307291.0,1606.24,470881.0
2023-09-07,14.4,105.06,121.95,1942.5,86.87,4.27,5.5,4.94,,2.32,-0.34,-0.68,86.87,89.92,1334.02,2548.26,1335.03,4.36,1.95,0.29,,,5.31,5.4,8101318.0,3307291.0,1535.29,470881.0
2023-09-08,13.84,105.09,121.95,1942.7,87.51,4.26,5.5,4.98,,2.33,-0.34,-0.72,87.51,90.65,,2547.68,1332.83,4.33,1.93,0.29,,,5.3,5.4,8101318.0,3307291.0,1525.4,470881.0
2023-09-11,13.8,104.57,121.34,1947.2,87.3,4.29,5.5,4.97,,2.35,-0.34,-0.72,87.29,90.64,1320.44,2556.88,1331.59,4.37,1.94,0.29,,,5.3,5.4,8101318.0,3307291.0,1549.11,470881.0
2023-09-12,14.23,104.71,121.29,1935.1,88.87,4.27,5.5,4.98,,2.34,-0.34,-0.72,88.84,92.06,1324.1,2536.58,1327.29,4.35,1.93,0.29,,,5.3,5.4,8101318.0,3307291.0,1493.78,470881.0
2023-09-13,13.48,104.77,121.05,1932.5,88.59,4.25,5.5,4.96,,2.35,-0.34,-0.72,88.52,91.88,1329.77,2534.7,1329.7,4.34,1.9,0.28,,,5.3,5.4,8098779.0,3335459.0,1546.22,521507.0
2023-09-14,12.82,105.41,121.24,1932.8,90.13,4.29,5.5,5.0,,2.34,-0.34,-0.72,90.16,93.7,1327.06,2572.89,1325.88,4.39,1.95,0.29,,,5.3,5.4,8098779.0,3335459.0,1492.43,521507.0
2023-09-15,13.79,105.32,121.2,1946.2,90.83,4.33,5.5,5.02,,2.35,-0.33,-0.71,90.77,93.93,,2601.28,1325.89,4.42,1.98,0.32,,,5.31,5.4,8098779.0,3335459.0,1401.4,521507.0
2023-09-18,14.0,105.2,121.19,1953.4,91.47,4.32,5.5,5.05,,2.36,-0.33,-0.71,91.48,94.43,1329.66,2574.72,1323.99,4.4,1.96,0.33,,,5.31,5.4,8098779.0,3335459.0,1452.94,521507.0
2023-09-19,14.11,105.2,121.16,1953.7,91.16,4.37,5.5,5.08,,2.37,-0.33,-0.71,91.2,94.34,1328.53,2559.21,1328.13,4.43,2.0,0.35,,,5.31,5.4,8098779.0,3335459.0,1453.32,521507.0
2023-09-20,15.14,105.16,120.96,1967.1,89.2,4.35,5.5,5.12,,2.35,-0.33,-0.71,90.28,93.53,1332.34,2559.74,1330.34,4.4,2.0,0.35,,,5.3,5.4,8024090.0,3231649.0,1486.98,640296.0
2023-09-21,17.54,105.36,121.55,1939.6,89.56,4.49,5.5,5.12,,2.38,-0.33,-0.71,89.63,93.3,1341.17,2514.97,1340.08,4.56,2.11,0.4,,,5.3,5.4,8024090.0,3231649.0,1454.12,640296.0
2023-09-22,17.2,105.58,121.53,1945.6,90.0,4.44,5.5,5.1,,2.37,-0.33,-0.72,90.03,93.27,,2508.13,1336.58,4.53,2.07,0.4,,,5.3,5.4,8024090.0,3231649.0,1427.58,640296.0
2023-09-25,16.9,106.0,122.11,1936.6,89.68,4.55,5.5,5.09,,2.37,-0.32,-0.72,89.68,93.29,1338.45,2495.76,1336.03,4.67,2.18,0.43,,,5.31,5.4,8024090.0,3231649.0,1437.31,640296.0
2023-09-26,18.94,106.23,122.47,1919.8,91.43,4.56,5.5,5.04,,2.33,-0.32,-0.72,90.39,93.96,1353.75,2462.97,1348.69,4.7,2.23,0.45,,,5.31,5.4,8024090.0,3231649.0,1438.3,640296.0
2023-09-27,18.22,106.67,122.99,1890.9,93.67,4.61,5.5,5.1,,2.34,-0.32,-0.72,93.68,96.55,1352.82,2465.07,1349.05,4.73,2.27,0.48,,,5.32,5.4,8002064.0,3170324.0,1442.81,681143.0
2023-09-28,17.34,106.22,122.53,1878.6,91.65,4.59,5.5,5.04,,2.39,-0.32,-0.72,91.71,95.38,1347.85,,1356.41,4.71,2.2,0.47,,,5.31,5.4,8002064.0,3170324.0,1453.37,681143.0
2023-09-29,17.52,106.17,122.31,1866.1,90.77,4.59,5.5,5.03,,2.35,-0.31,-0.51,90.79,95.31,,,1347.86,4.73,2.24,0.47,,,5.31,5.4,8002064.0,3170324.0,1557.57,681143.0
2023-09-30,,,,,,,5.5,,,,-0.31,-0.5,,,,,,,,,,,,5.4,8002064.0,3170324.0,,681143.0
2023-10-02,17.61,106.9,123.05,1847.2,88.81,4.69,5.5,5.12,,2.35,-0.31,-0.5,88.82,90.71,1354.19,,1351.67,4.81,2.34,0.51,,,5.32,5.4,8002064.0,3170324.0,1365.74,681143.0
2023-10-03,19.78,107.0,123.78,1841.5,89.26,4.81,5.5,5.15,,2.36,-0.31,-0.5,89.23,90.92,1359.22,,1360.62,4.95,2.45,0.56,,,5.33,5.4,8002064.0,3170324.0,1348.46,681143.0
2023-10-04,18.58,106.8,123.59,1834.8,84.32,4.73,5.5,5.05,,2.33,-0.31,-0.5,84.22,85.81,1351.16,2405.69,1362.94,4.87,2.4,0.54,,,5.32,5.4,7955782.0,3145720.0,1342.03,668009.0
2023-10-05,18.49,106.33,123.9,1831.8,82.3,4.72,5.5,5.03,,2.31,-0.31,-0.5,82.31,84.07,1346.06,2403.6,1350.22,4.89,2.41,0.53,,,5.32,5.4,7955782.0,3145720.0,1265.13,668009.0
2023-10-06,17.45,106.04,123.36,1845.2,82.83,4.78,5.5,5.08,,2.31,-0.3,-0.44,82.79,84.58,,2408.73,1350.17,4.95,2.47,0.55,,,5.31,5.4,7955782.0,3145720.0,1283.46,668009.0
2023-10-09,17.7,106.08,,1864.3,,,5.5,,,,-0.3,-0.43,86.38,88.15,1346.89,,,,,,,,,5.4,7955782.0,3145720.0,,668009.0
2023-10-10,17.03,105.83,122.93,1875.3,85.89,4.66,5.5,4.96,4.26,2.32,-0.3,-0.43,85.97,87.65,1341.89,2402.58,1349.79,4.85,2.34,0.51,1.29,9.66,5.31,5.4,7955782.0,3145720.0,1222.44,668009.0
2023-10-11,16.09,105.82,122.77,1887.3,83.7,4.58,5.5,4.99,4.25,2.32,-0.3,-0.43,83.49,85.82,1338.26,2450.08,1339.31,4.73,2.26,0.48,1.27,9.61,5.31,5.4,7952054.0,3288945.0,1239.38,709160.0
2023-10-12,16.69,106.57,123.21,1883.0,82.87,4.7,5.5,5.06,4.25,2.34,-0.3,-0.43,82.91,86.0,1348.34,2479.82,1338.21,4.86,2.36,0.52,1.26,9.67,5.31,5.4,7952054.0,3288945.0,1157.32,709160.0
2023-10-13,19.32,106.65,123.6,1941.5,87.67,4.63,5.5,5.04,4.3,2.34,-0.29,-0.52,87.69,90.89,,2456.15,1349.65,4.78,2.29,0.5,1.27,9.72,5.31,5.4,7952054.0,3288945.0,1151.82,709160.0
2023-10-16,17.21,106.24,123.32,1934.3,86.65,4.71,5.5,5.09,4.27,2.38,-0.29,-0.53,86.66,89.65,1347.76,2436.24,1353.67,4.87,2.33,0.53,1.27,9.7,5.31,5.4,7952054.0,3288945.0,1108.82,709160.0
2023-10-17,17.88,106.25,123.12,1935.7,86.66,4.83,5.5,5.19,4.25,2.41,-0.29,-0.53,86.66,89.9,1352.99,2460.17,1353.6,4.94,2.42,0.59,1.27,9.69,5.31,5.4,7952054.0,3288945.0,1082.5,709160.0
2023-10-18,19.22,106.57,123.81,1968.3,88.35,4.91,5.5,5.19,4.32,2.44,-0.29,-0.53,88.32,91.5,1354.56,2462.6,1349.45,5.0,2.47,0.62,1.29,9.79,5.3,5.4,7933162.0,3353881.0,1150.78,759878.0
2023-10-19,21.4,106.25,123.8,1980.5,89.35,4.98,5.5,5.14,4.37,2.49,-0.29,-0.53,89.37,92.38,1356.23,2415.8,1357.5,5.11,2.49,0.66,1.31,9.91,5.3,5.4,7933162.0,3353881.0,1114.18,759878.0
2023-10-20,21.71,106.16,123.61,1994.4,89.12,4.93,5.5,5.07,4.52,2.47,-0.29,-0.34,88.75,92.16,,2375.0,1352.92,5.09,2.46,0.65,1.33,10.11,5.3,5.4,7933162.0,3353881.0,1138.76,759878.0
2023-10-23,20.37,105.54,123.28,1987.8,85.49,4.86,5.5,5.05,4.51,2.41,-0.29,-0.33,85.49,89.83,1334.44,2357.02,1353.7,5.01,2.45,0.62,1.33,10.14,5.3,5.4,7933162.0,3353881.0,1157.98,759878.0
2023-10-24,18.97,106.27,123.64,1986.1,84.58,4.83,5.5,5.02,4.41,2.4,-0.29,-0.33,83.74,88.07,1343.64,2383.51,1342.68,4.96,2.43,0.61,1.31,10.04,5.3,5.4,7933162.0,3353881.0,1097.88,759878.0
2023-10-25,20.19,106.53,123.79,1994.9,86.07,4.95,5.5,5.08,4.37,2.43,-0.29,-0.33,85.39,90.13,1352.68,2363.17,1349.07,5.09,2.52,0.65,1.3,10.01,5.3,5.4,7907830.0,3261886.0,1100.62,834418.0
2023-10-26,20.68,106.6,124.01,1997.4,83.8,4.86,5.5,5.02,4.5,2.42,-0.29,-0.33,83.21,87.93,1350.34,2299.08,1359.32,5.01,2.44,0.63,1.3,10.26,5.31,5.4,7907830.0,3261886.0,1089.85,834418.0
2023-10-27,21.27,106.56,123.62,1998.5,86.04,4.84,5.5,4.99,4.53,2.42,-0.28,-0.34,85.54,90.48,,2302.81,1355.15,5.03,2.42,0.61,1.31,10.34,5.31,5.4,7907830.0,3261886.0,1091.86,834418.0
2023-10-30,19.75,106.12,123.41,2005.6,83.03,4.88,5.5,5.03,4.5,2.44,-0.29,-0.34,82.31,87.45,1355.22,2310.55,1350.98,5.04,2.44,0.62,1.32,10.41,5.31,5.4,7907830.0,3261886.0,1138.04,834418.0
2023-10-31,18.14,106.66,123.84,1994.3,81.64,4.88,5.5,5.07,4.42,2.42,-0.29,-0.34,81.02,87.41,1348.07,2277.99,1351.03,5.04,2.46,0.62,1.32,10.4,5.35,5.4,7907830.0,3261886.0,1137.7,834418.0
2023-11-01,16.87,106.88,123.79,1987.5,81.05,4.77,5.5,4.95,4.47,2.41,-0.29,-0.34,80.44,84.63,1350.16,2301.56,1356.94,4.96,2.36,0.57,1.33,10.57,5.32,5.4,7866664.0,3267216.0,1079.46,820487.0
2023-11-02,15.66,106.12,122.88,1993.5,83.04,4.67,5.5,4.98,4.15,2.4,-0.29,-0.34,82.46,86.85,1347.84,2343.12,1342.91,4.82,2.27,0.54,1.29,10.12,5.33,5.4,7866664.0,3267216.0,1054.99,820487.0
2023-11-03,14.91,105.02,121.76,1999.2,81.19,4.57,5.5,4.83,4.04,2.39,-0.29,-0.59,80.51,84.89,1333.68,2368.34,1322.04,4.77,2.18,0.47,1.29,10.1,5.32,5.4,7866664.0,3267216.0,1071.14,820487.0
2023-11-06,14.89,105.22,121.65,1988.6,81.54,4.67,5.5,4.93,4.0,2.42,-0.29,-0.59,80.82,85.18,1307.84,2502.37,1297.94,4.84,2.25,0.5,1.28,10.17,5.32,5.4,7866664.0,3267216.0,1062.88,820487.0
2023-11-07,14.81,105.54,122.08,1973.5,77.96,4.58,5.5,4.91,4.08,2.39,-0.29,-0.59,77.37,81.61,1297.11,2443.96,1308.33,4.75,2.19,0.47,1.29,10.11,5.32,5.4,7866664.0,3267216.0,1008.68,820487.0
2023-11-08,14.45,105.59,122.09,1957.8,75.85,4.49,5.5,4.93,4.08,2.34,-0.29,-0.59,75.33,79.54,1304.55,2421.62,1309.98,4.64,2.15,0.45,1.28,10.18,5.32,5.4,7860691.0,3328908.0,1024.45,772686.0
2023-11-09,15.29,105.91,122.13,1969.8,76.34,4.62,5.5,5.03,4.04,2.33,-0.29,-0.59,75.74,80.01,1308.12,2427.08,1309.89,4.77,2.29,0.5,1.27,10.07,5.32,5.4,7860691.0,3328908.0,993.31,772686.0
2023-11-10,14.17,105.86,,1937.7,,4.61,5.5,5.04,4.03,2.32,-0.3,-0.71,77.17,81.43,1315.2,2409.66,,4.73,2.29,0.51,1.26,10.1,5.32,5.4,7860691.0,3328908.0,1032.72,772686.0
2023-11-13,14.76,105.66,122.43,1950.2,78.86,4.63,5.5,5.02,4.03,2.31,-0.3,-0.71,78.26,82.52,1319.62,2403.76,1324.97,4.75,2.32,0.52,1.25,10.12,5.32,5.4,7860691.0,3328908.0,1020.27,772686.0
2023-11-14,14.16,104.11,121.35,1966.5,78.9,4.44,5.5,4.8,3.92,2.28,-0.3,-0.71,78.26,82.47,1319.07,2433.25,1328.74,4.61,2.16,0.43,1.23,9.87,5.32,5.4,7860691.0,3328908.0,988.3,772686.0
2023-11-15,14.18,104.39,121.07,1964.3,77.15,4.53,5.5,4.9,3.89,2.31,-0.3,-0.71,76.66,81.18,1304.24,2486.67,1300.34,4.68,2.22,0.44,1.22,9.77,5.32,5.4,7814991.0,3391713.0,944.24,738562.0
2023-11-16,14.32,104.37,121.18,1987.3,73.5,4.45,5.5,4.83,4.02,2.27,-0.3,-0.71,72.9,77.42,1301.86,2488.18,1297.1,4.63,2.18,0.42,1.21,9.93,5.32,5.4,7814991.0,3391713.0,912.01,738562.0
2023-11-17,13.8,103.82,120.85,1984.7,76.47,4.44,5.5,4.88,3.99,2.28,-0.31,-0.61,75.89,80.61,1292.45,2469.85,1296.21,4.59,2.16,0.41,1.2,9.89,5.32,5.4,7814991.0,3391713.0,935.8,738562.0
2023-11-20,13.41,103.47,120.25,1980.3,78.1,4.42,5.5,4.89,3.92,2.3,-0.31,-0.61,77.6,82.32,1294.5,2491.2,1291.48,4.57,2.12,0.4,1.18,9.81,5.31,5.4,7814991.0,3391713.0,953.09,738562.0
2023-11-21,13.35,103.59,120.22,2001.6,78.35,4.41,5.5,4.86,3.95,2.25,-0.31,-0.61,77.77,82.45,1288.15,2510.42,1289.34,4.57,2.16,0.39,1.17,9.83,5.31,5.4,7814991.0,3391713.0,931.15,738562.0
2023-11-22,12.85,103.92,120.68,1992.8,76.8,4.42,5.5,4.89,3.9,2.26,-0.31,-0.61,77.1,81.96,1295.19,2511.7,1300.06,4.55,2.16,0.39,1.15,9.82,5.31,5.4,7810814.0,3453853.0,931.6,706017.0
2023-11-23,12.8,,,1993.3,,,5.5,,3.9,,-0.31,-0.61,,81.37,1298.79,2514.96,,,,,1.15,9.82,,5.4,7810814.0,3453853.0,,706017.0
2023-11-24,12.46,103.4,120.21,2003.0,74.83,4.47,5.5,4.92,3.85,2.26,-0.32,-0.72,75.54,80.58,1300.18,2496.63,1306.08,4.6,2.21,0.42,1.14,9.77,5.32,5.4,7810814.0,3453853.0,865.91,706017.0
2023-11-27,12.69,103.2,120.17,2012.4,74.46,4.39,5.5,4.84,3.89,2.21,-0.32,-0.72,74.86,79.98,1289.79,2495.66,1304.33,4.53,2.18,0.38,1.14,9.76,5.32,5.4,7810814.0,3453853.0,867.22,706017.0
2023-11-28,12.69,102.75,119.59,2040.0,76.09,4.34,5.5,4.73,3.9,2.22,-0.32,-0.72,76.41,81.68,1302.53,2521.76,1293.71,4.52,2.12,0.35,1.14,9.75,5.32,5.4,7810814.0,3453853.0,873.34,706017.0
2023-11-29,12.98,102.77,119.82,2047.1,77.56,4.27,5.5,4.64,3.8,2.21,-0.32,-0.72,77.86,83.1,1287.53,2519.81,1292.74,4.44,2.06,0.31,1.11,9.6,5.31,5.4,7796145.0,3441581.0,914.19,739209.0
2023-11-30,12.92,103.5,120.24,2038.1,75.66,4.37,5.5,4.73,3.84,2.23,-0.32,-0.72,75.96,82.83,1288.36,2535.29,1289.95,4.54,2.14,0.34,1.11,9.76,5.33,5.4,7796145.0,3441581.0,887.82,739209.0
2023-12-01,12.63,103.27,119.94,2089.7,73.7,4.22,5.5,4.56,3.87,2.22,-0.33,-0.51,74.07,78.88,1296.66,2505.01,1305.45,4.4,2.0,0.29,1.11,9.79,5.39,5.4,7796145.0,3441581.0,768.54,739209.0
2023-12-04,13.08,103.64,120.47,2042.2,72.73,4.28,5.5,4.64,3.8,2.21,-0.33,-0.52,73.04,78.03,1299.19,2514.95,1304.43,4.43,2.07,0.31,1.1,9.73,5.37,5.4,7796145.0,3441581.0,815.85,739209.0
2023-12-05,12.85,104.05,120.79,2036.3,71.95,4.18,5.5,4.57,3.8,2.17,-0.33,-0.52,72.32,77.2,1307.8,2494.28,1311.47,4.3,2.01,0.27,1.11,9.65,5.33,5.4,7796145.0,3441581.0,834.43,739209.0
2023-12-06,12.97,104.15,120.53,2047.9,68.98,4.12,5.5,4.6,3.79,2.14,-0.33,-0.52,69.38,74.3,1313.37,2495.38,1313.03,4.22,1.98,0.25,1.12,9.61,5.32,5.4,7737385.0,3513374.0,846.5,682509.0
2023-12-07,13.06,103.54,120.6,2046.4,69.0,4.14,5.5,4.58,3.77,2.17,-0.33,-0.52,69.34,74.05,1313.72,2492.07,1325.27,4.25,1.97,0.24,1.11,9.6,5.32,5.4,7737385.0,3513374.0,825.73,682509.0
2023-12-08,12.35,104.01,120.76,2014.5,70.87,4.23,5.5,4.71,3.75,2.21,-0.34,-0.48,71.23,75.84,1312.76,2517.85,1307.11,4.31,2.02,0.28,1.1,9.55,5.32,5.4,7737385.0,3513374.0,821.41,682509.0
2023-12-11,12.63,104.1,120.93,1993.7,70.95,4.23,5.5,4.71,3.79,2.19,-0.34,-0.48,71.32,76.03,1316.51,2525.36,1316.38,4.32,2.04,0.29,1.1,9.62,5.32,5.4,7737385.0,3513374.0,838.51,682509.0
2023-12-12,12.07,103.87,120.68,1993.2,68.27,4.2,5.5,4.73,3.76,2.16,-0.34,-0.48,68.61,73.24,1313.62,2535.27,1313.75,4.3,2.04,0.28,1.09,9.54,5.31,5.4,7737385.0,3513374.0,837.8,682509.0
2023-12-13,12.19,102.87,121.16,1997.3,69.09,4.04,5.5,4.46,3.79,2.16,-0.34,-0.48,69.47,74.26,1310.14,2510.66,1319.76,4.19,1.88,0.2,1.08,9.53,5.31,5.4,7739566.0,3540619.0,823.33,658440.0
2023-12-14,12.48,101.96,119.57,2044.9,71.21,3.92,5.5,4.37,3.47,2.22,-0.34,-0.48,71.58,76.61,1292.01,2544.18,1296.11,4.03,1.7,0.14,1.04,9.03,5.31,5.4,7739566.0,3540619.0,769.35,658440.0
2023-12-15,12.28,102.55,119.74,2035.7,71.05,3.91,5.5,4.44,3.51,2.22,-0.35,-0.59,71.43,76.55,1291.92,2563.56,1295.92,4.0,1.69,0.13,1.04,9.04,5.32,5.4,7739566.0,3540619.0,683.25,658440.0
2023-12-18,12.56,102.51,119.91,2040.5,72.16,3.95,5.5,4.43,3.51,2.21,-0.35,-0.59,72.47,77.95,1276.47,2566.86,1297.63,4.05,1.74,0.13,1.05,9.02,5.32,5.4,7739566.0,3540619.0,724.7,658440.0
2023-12-19,12.53,102.17,119.46,2052.1,73.23,3.93,5.5,4.41,3.46,2.19,-0.35,-0.59,73.44,79.23,1302.93,2568.55,1307.95,4.03,1.74,0.13,1.05,8.95,5.31,5.4,7739566.0,3540619.0,773.08,658440.0
2023-12-20,13.67,102.41,119.54,2047.7,73.87,3.86,5.5,4.34,3.43,2.19,-0.35,-0.59,74.22,79.7,1297.76,2614.3,1299.22,3.98,1.67,0.1,1.06,8.81,5.31,5.4,7724063.0,3536105.0,779.14,732196.0
2023-12-21,13.65,101.84,119.32,2051.3,73.59,3.89,5.5,4.33,3.41,2.19,-0.35,-0.59,73.89,79.39,1296.98,2600.02,1304.82,4.03,1.7,0.1,1.07,8.73,5.31,5.4,7724063.0,3536105.0,778.4,732196.0
2023-12-22,13.03,101.7,119.06,2069.1,73.29,3.9,5.5,4.31,3.39,2.19,-0.36,-0.41,73.56,79.07,1291.71,2599.51,1302.54,4.05,1.71,0.11,1.07,8.72,5.32,5.4,7724063.0,3536105.0,772.26,732196.0
2023-12-25,,,,,,,5.5,,,,-0.36,-0.42,,,1297.36,,,,,,,,,5.4,7724063.0,3536105.0,,732196.0
2023-12-26,12.99,101.47,118.89,2069.8,75.84,3.89,5.5,4.26,3.37,2.18,-0.36,-0.42,75.57,81.07,1294.58,2602.59,1294.25,4.04,1.71,0.11,1.06,8.66,5.35,5.4,7724063.0,3536105.0,793.94,732196.0
2023-12-27,12.43,100.99,118.47,2093.1,74.31,3.79,5.5,4.2,3.34,2.15,-0.36,-0.42,74.11,79.65,1293.92,2613.5,1293.38,3.95,1.64,0.07,1.05,8.62,5.39,5.4,7712781.0,3446459.0,818.87,731405.0
2023-12-28,12.47,101.23,118.41,2083.5,72.02,3.84,5.5,4.26,3.32,2.16,-0.36,-0.42,71.77,78.39,1294.76,2655.28,1288.45,3.98,1.68,0.08,1.04,8.57,5.4,5.4,7712781.0,3446459.0,829.57,731405.0
2023-12-29,12.45,101.33,118.42,2071.8,71.89,3.88,5.5,4.23,3.34,2.16,-0.37,-0.41,71.65,77.04,1277.84,,1290.97,4.03,1.72,0.09,1.04,8.51,5.38,5.4,7712781.0,3446459.0,1018.48,731405.0
2023-12-31,,,,,,,5.5,,3.39,,-0.37,-0.41,,,,,,,,,1.04,9.02,,5.4,7712781.0,3446459.0,,731405.0
2024-01-01,,,,,,,5.5,,,,-0.37,-0.41,,,1293.53,,,,,,,,,5.4,7712781.0,3446459.0,,731405.0
2024-01-02,13.2,102.2,119.27,2073.4,70.62,3.95,5.5,4.33,3.54,2.21,-0.37,-0.41,70.38,75.89,1293.54,2669.81,1300.52,4.08,1.74,0.13,1.06,9.25,5.4,5.4,7712781.0,3446459.0,704.86,731405.0
2024-01-03,14.04,102.46,119.7,2042.8,72.97,3.91,5.5,4.33,3.71,2.2,-0.37,-0.41,72.7,78.25,1307.62,2607.31,1305.1,4.05,1.71,0.12,1.09,9.52,5.39,5.4,7681024.0,3262895.0,719.9,758448.0
2024-01-04,14.13,102.42,119.62,2050.0,72.38,3.99,5.5,4.38,3.69,2.22,-0.37,-0.41,72.19,77.59,1309.53,2587.02,1310.39,4.13,1.77,0.15,1.09,9.54,5.32,5.4,7681024.0,3262895.0,664.9,758448.0
2024-01-05,13.35,102.41,119.39,2049.8,74.0,4.05,5.5,4.4,3.68,2.22,-0.37,-0.56,73.81,78.76,1311.25,2578.08,1315.62,4.21,1.83,0.18,1.09,9.54,5.31,5.4,7681024.0,3262895.0,694.48,758448.0
2024-01-08,13.08,102.21,119.25,2033.5,71.06,4.01,5.5,4.36,3.63,2.22,-0.37,-0.56,70.77,76.12,1313.13,2567.82,1315.58,4.17,1.79,0.17,1.08,9.53,5.31,5.4,7681024.0,3262895.0,691.49,758448.0
2024-01-09,12.76,102.57,119.67,2033.0,72.43,4.02,5.5,4.36,3.59,2.22,-0.37,-0.56,72.24,77.59,1311.8,2561.24,1315.92,4.18,1.8,0.17,1.06,9.47,5.31,5.4,7681024.0,3262895.0,676.05,758448.0
2024-01-10,12.69,102.36,119.76,2027.8,71.57,4.04,5.5,4.37,3.5,2.22,-0.37,-0.56,71.37,76.8,1319.79,2541.98,1320.42,4.2,1.82,0.18,1.04,9.38,5.31,5.4,7686710.0,3498748.0,679.96,747565.0
2024-01-11,12.44,102.29,119.89,2019.2,72.15,3.98,5.5,4.26,3.55,2.22,-0.37,-0.56,72.02,77.41,1317.5,2540.27,1313.04,4.18,1.76,0.15,1.03,9.4,5.31,5.4,7686710.0,3498748.0,626.37,747565.0
2024-01-12,12.7,102.4,119.53,2051.6,72.94,3.96,5.5,4.14,3.56,2.27,-0.38,-0.7,72.68,78.29,1311.99,2525.05,1313.41,4.2,1.69,0.13,1.02,9.41,5.31,5.4,7686710.0,3498748.0,603.12,747565.0
2024-01-15,13.25,,,,,,5.5,,3.54,,-0.38,-0.7,,,1312.85,2525.99,,,,,1.02,9.33,,5.4,7686710.0,3498748.0,,747565.0
2024-01-16,13.84,103.36,120.58,2030.2,72.63,4.07,5.5,4.22,3.58,2.3,-0.38,-0.7,72.4,78.29,1319.71,2497.59,1331.5,4.3,1.77,0.17,1.02,9.34,5.32,5.4,7686710.0,3498748.0,583.1,747565.0
2024-01-17,14.79,103.45,121.04,2006.5,72.79,4.1,5.5,4.34,3.62,2.3,-0.38,-0.7,72.56,77.88,1337.79,2435.9,1344.23,4.31,1.8,0.21,1.02,9.4,5.32,5.4,7673741.0,3611719.0,590.19,748883.0
2024-01-18,14.13,103.54,120.89,2021.6,74.32,4.14,5.5,4.34,3.58,2.34,-0.38,-0.7,74.08,79.1,1344.05,2440.04,1338.73,4.37,1.8,0.23,1.01,9.38,5.31,5.4,7673741.0,3611719.0,618.23,748883.0
2024-01-19,13.3,103.29,120.64,2029.3,73.69,4.15,5.5,4.39,3.54,2.34,-0.39,-0.81,73.41,78.56,1337.66,2472.74,1338.53,4.36,1.81,0.24,1.01,9.28,5.31,5.4,7673741.0,3611719.0,625.18,748883.0
2024-01-22,13.19,103.33,120.62,2022.2,75.26,4.11,5.5,4.37,3.49,2.31,-0.39,-0.81,75.19,80.06,1333.21,2464.35,1338.25,4.32,1.8,0.23,1.01,9.22,5.31,5.4,7673741.0,3611719.0,647.1,748883.0
2024-01-23,12.55,103.62,121.1,2025.8,74.72,4.14,5.5,4.31,3.51,2.29,-0.39,-0.81,74.37,79.55,1338.74,2478.61,1333.76,4.38,1.85,0.23,1.01,9.19,5.31,5.4,7673741.0,3611719.0,621.2,748883.0
2024-01-24,13.14,103.24,120.49,2016.0,75.48,4.18,5.5,4.34,3.44,2.3,-0.39,-0.81,75.09,80.04,1336.78,2469.69,1337.74,4.41,1.88,0.25,0.99,9.15,5.31,5.4,7677230.0,3526683.0,639.56,799358.0
2024-01-25,13.45,103.57,120.83,2017.8,77.91,4.14,5.5,4.28,3.45,2.29,-0.39,-0.81,77.36,82.43,1329.89,2470.34,1336.0,4.38,1.85,0.24,0.98,9.14,5.32,5.4,7677230.0,3526683.0,557.69,799358.0
2024-01-26,13.26,103.47,120.62,2017.3,78.45,4.15,5.5,4.34,3.39,2.3,-0.4,-0.83,78.01,83.55,1336.03,2478.56,1336.08,4.38,1.85,0.25,0.97,9.08,5.32,5.4,7677230.0,3526683.0,570.83,799358.0
2024-01-29,13.6,103.61,120.85,2025.4,77.25,4.08,5.5,4.29,3.41,2.3,-0.4,-0.83,76.78,82.4,1336.76,2500.65,1335.5,4.31,1.78,0.21,0.98,9.07,5.31,5.4,7677230.0,3526683.0,581.41,799358.0
2024-01-30,13.31,103.4,120.6,2031.5,78.3,4.06,5.5,4.36,3.42,2.26,-0.4,-0.83,77.82,82.87,1333.21,2498.81,1328.93,4.28,1.8,0.21,1.0,9.07,5.31,5.4,7677230.0,3526683.0,577.75,799358.0
2024-01-31,14.35,103.27,120.43,2048.4,76.28,3.99,5.5,4.27,3.59,2.26,-0.4,-0.83,75.85,81.71,1326.62,2497.09,1334.9,4.22,1.73,0.17,1.02,9.53,5.32,5.4,7630124.0,3526230.0,615.38,841550.0
2024-02-01,13.88,103.05,120.33,2071.1,74.36,3.87,5.5,4.2,3.56,2.19,-0.4,-0.83,73.82,78.7,1333.91,2542.46,1331.78,4.1,1.68,0.11,1.04,9.52,5.32,5.4,7630124.0,3526230.0,503.55,841550.0
2024-02-02,13.85,103.92,120.9,2053.7,72.72,4.03,5.5,4.36,3.47,2.21,-0.4,-0.74,72.28,77.33,1328.95,2615.31,1321.9,4.22,1.82,0.17,1.02,9.46,5.32,5.4,7630124.0,3526230.0,513.42,841550.0
2024-02-05,13.67,104.45,121.35,2042.9,73.21,4.17,5.5,4.46,3.5,2.27,-0.4,-0.74,72.78,77.99,1337.73,2591.31,1330.98,4.35,1.9,0.23,1.0,9.55,5.31,5.4,7630124.0,3526230.0,552.29,841550.0
2024-02-06,13.06,104.18,120.96,2051.4,73.83,4.09,5.5,4.39,3.52,2.24,-0.4,-0.74,73.31,78.59,1333.39,2576.2,1326.83,4.29,1.85,0.22,1.0,9.55,5.31,5.4,7630124.0,3526230.0,532.44,841550.0
2024-02-07,12.83,104.04,120.9,2051.7,74.26,4.09,5.5,4.41,3.43,2.23,-0.4,-0.74,73.86,79.21,1326.79,2609.58,1327.37,4.31,1.86,0.22,1.0,9.42,5.31,5.4,7631300.0,3599323.0,553.05,802135.0
2024-02-08,12.79,104.15,121.08,2047.9,76.67,4.15,5.5,4.46,3.38,2.24,-0.4,-0.74,76.22,81.63,1327.62,2620.32,1328.07,4.36,1.91,0.25,0.99,9.27,5.31,5.4,7631300.0,3599323.0,535.71,802135.0
2024-02-09,12.93,104.08,121.04,2038.7,77.26,4.17,5.5,4.48,3.33,2.25,-0.41,-0.6,76.84,82.19,1331.47,,1333.1,4.37,1.92,0.26,1.0,9.2,5.31,5.4,7631300.0,3599323.0,569.17,802135.0
2024-02-12,13.93,104.17,120.94,2033.0,77.34,4.17,5.5,4.46,3.35,2.24,-0.41,-0.6,76.92,82.0,1330.06,,1331.37,4.37,1.93,0.26,1.0,9.22,5.31,5.4,7631300.0,3599323.0,581.57,802135.0
2024-02-13,15.85,104.96,121.52,2007.2,78.28,4.31,5.5,4.64,3.36,2.29,-0.41,-0.6,77.87,82.77,1328.5,2649.64,1327.88,4.46,2.02,0.32,0.99,9.25,5.31,5.4,7631300.0,3599323.0,553.68,802135.0
2024-02-14,14.38,104.72,121.4,2004.3,77.09,4.27,5.5,4.56,3.38,2.3,-0.41,-0.6,76.64,81.6,1340.79,2620.42,1335.06,4.45,1.97,0.32,0.98,9.3,5.3,5.4,7633874.0,3540945.0,575.33,838005.0
2024-02-15,14.01,104.3,121.21,2014.9,78.47,4.24,5.5,4.56,3.35,2.3,-0.41,-0.6,78.03,82.86,1326.0,2613.8,1333.84,4.42,1.94,0.3,0.97,9.28,5.31,5.4,7633874.0,3540945.0,493.06,838005.0
2024-02-16,14.24,104.28,121.15,2024.1,79.65,4.3,5.5,4.64,3.34,2.33,-0.42,-0.65,79.19,83.47,1327.66,2648.76,1334.96,4.45,1.97,0.33,0.96,9.25,5.3,5.4,7633874.0,3540945.0,532.12,838005.0
2024-02-19,14.71,,,,,,5.5,,3.34,,-0.42,-0.65,,,1331.58,2680.26,,,,,0.96,9.27,,5.4,7633874.0,3540945.0,,838005.0
2024-02-20,15.42,104.08,121.02,2039.8,78.72,4.27,5.5,4.59,3.37,2.32,-0.42,-0.65,78.18,82.34,1333.34,2657.79,1337.25,4.44,1.95,0.32,0.96,9.28,5.3,5.4,7633874.0,3540945.0,530.88,838005.0
2024-02-21,15.34,104.01,121.04,2034.3,78.89,4.32,5.5,4.64,3.34,2.34,-0.42,-0.65,77.91,83.03,1333.75,2653.31,1334.95,4.49,1.98,0.34,0.94,9.27,5.3,5.4,7581683.0,3565999.0,574.88,785465.0
2024-02-22,14.54,103.96,121.1,2030.7,79.64,4.33,5.5,4.69,3.22,2.31,-0.42,-0.65,78.61,83.67,1332.87,2664.27,1328.71,4.47,2.02,0.35,0.93,9.06,5.3,5.4,7581683.0,3565999.0,553.25,785465.0
2024-02-23,13.75,103.94,121.04,2049.4,77.6,4.26,5.5,4.67,3.23,2.3,-0.43,-0.67,76.49,81.62,1327.17,2667.7,1328.71,4.37,1.96,0.32,0.95,8.97,5.31,5.4,7581683.0,3565999.0,520.11,785465.0
2024-02-26,13.74,103.83,121.06,2038.9,78.53,4.28,5.5,4.69,3.23,2.31,-0.43,-0.67,77.58,82.53,1330.0,2647.08,1330.86,4.4,1.97,0.32,0.96,8.86,5.31,5.4,7581683.0,3565999.0,524.96,785465.0
2024-02-27,13.43,103.83,120.96,2044.1,79.8,4.31,5.5,4.7,3.26,2.32,-0.43,-0.67,78.87,83.65,1331.72,2625.05,1330.86,4.44,1.99,0.33,0.96,8.84,5.31,5.4,7581683.0,3565999.0,519.73,785465.0
2024-02-28,13.84,103.98,121.13,2042.7,79.44,4.27,5.5,4.64,3.31,2.33,-0.43,-0.67,78.54,83.68,1331.79,2652.29,1336.02,4.4,1.94,0.32,0.98,8.86,5.31,5.4,7567807.0,3567552.0,569.86,785821.0
2024-02-29,13.4,104.16,121.18,2054.7,79.22,4.25,5.5,4.64,3.29,2.33,-0.43,-0.67,78.26,83.62,1333.38,2642.36,1336.19,4.38,1.92,0.31,1.0,8.8,5.32,5.4,7567807.0,3567552.0,502.07,785821.0
2024-03-01,13.11,103.86,121.01,2095.7,80.9,4.19,5.5,4.54,3.32,2.32,-0.43,-0.78,79.97,83.55,1335.2,,1334.8,4.33,1.87,0.28,1.01,8.79,5.31,5.4,7567807.0,3567552.0,441.26,785821.0
2024-03-04,13.49,103.83,120.87,2126.3,79.67,4.22,5.5,4.61,3.26,2.34,-0.43,-0.78,78.74,82.8,1330.9,2674.27,1331.29,4.36,1.88,0.29,1.0,8.71,5.31,5.4,7567807.0,3567552.0,439.79,785821.0
2024-03-05,14.46,103.8,120.88,2141.9,79.11,4.13,5.5,4.54,3.31,2.32,-0.43,-0.78,78.15,82.04,1328.94,2649.4,1336.51,4.27,1.81,0.25,1.01,8.72,5.31,5.4,7567807.0,3567552.0,444.47,785821.0
2024-03-06,14.5,103.37,120.46,2158.2,80.08,4.11,5.5,4.55,3.27,2.3,-0.43,-0.78,79.13,82.96,1333.43,2641.49,1333.99,4.24,1.81,0.23,1.01,8.69,5.31,5.4,7538857.0,3626176.0,456.85,767733.0
2024-03-07,14.44,102.82,120.19,2165.2,79.81,4.09,5.5,4.5,3.27,2.28,-0.43,-0.78,78.93,82.96,1327.09,2647.62,1324.3,4.25,1.81,0.21,1.0,8.68,5.31,5.4,7538857.0,3626176.0,436.75,767733.0
2024-03-08,14.74,102.74,119.97,2185.5,78.96,4.09,5.5,4.48,3.26,2.28,-0.44,-0.77,78.01,82.08,1321.18,2680.35,1319.28,4.26,1.81,0.21,0.99,8.68,5.31,5.4,7538857.0,3626176.0,444.8,767733.0
2024-03-11,15.22,102.87,120.04,2188.6,78.87,4.1,5.5,4.51,3.26,2.27,-0.44,-0.78,77.93,82.21,1315.98,2659.84,1312.55,4.26,1.83,0.21,0.98,8.66,5.31,5.4,7538857.0,3626176.0,478.73,767733.0
2024-03-12,13.84,102.96,120.17,2166.1,78.51,4.16,5.5,4.58,3.2,2.3,-0.44,-0.78,77.56,81.92,1310.54,2681.81,1310.82,4.31,1.86,0.24,0.97,8.57,5.31,5.4,7538857.0,3626176.0,476.86,767733.0
2024-03-13,13.75,102.79,119.96,2180.8,80.67,4.19,5.5,4.61,3.15,2.3,-0.44,-0.78,79.72,84.03,1311.15,2693.57,1314.67,4.35,1.89,0.25,0.95,8.49,5.31,5.4,7541969.0,3624633.0,521.74,768369.0
2024-03-14,14.4,103.36,120.24,2167.5,82.16,4.29,5.5,4.68,3.15,2.3,-0.44,-0.78,81.26,85.42,1313.65,2718.76,1318.2,4.44,1.99,0.3,0.94,8.49,5.31,5.4,7541969.0,3624633.0,483.57,768369.0
2024-03-15,14.41,103.43,120.4,2161.5,81.94,4.31,5.5,4.72,3.16,2.32,-0.44,-0.92,81.04,85.34,1321.92,2666.84,1329.35,4.43,1.99,0.32,0.93,8.52,5.31,5.4,7541969.0,3624633.0,413.88,768369.0
2024-03-18,14.33,103.58,120.58,2164.3,83.68,4.34,5.5,4.73,3.13,2.31,-0.44,-0.92,82.72,86.89,1329.34,2685.84,1333.59,4.46,2.03,0.34,0.92,8.49,5.31,5.4,7541969.0,3624633.0,440.6,768369.0
2024-03-19,13.82,103.81,120.93,2159.7,84.39,4.3,5.5,4.68,3.1,2.3,-0.44,-0.92,83.47,87.38,1336.09,2656.17,1338.28,4.44,2.0,0.33,0.92,8.39,5.31,5.4,7541969.0,3624633.0,446.98,768369.0
2024-03-20,13.04,103.41,120.93,2161.0,82.79,4.27,5.5,4.59,3.14,2.31,-0.44,-0.92,81.68,85.95,1337.02,2690.14,1339.02,4.45,1.96,0.31,0.92,8.48,5.31,5.4,7514348.0,3553424.0,496.25,809298.0
2024-03-21,12.92,104.0,120.81,2184.7,81.99,4.27,5.5,4.62,3.05,2.34,-0.44,-0.92,81.07,85.78,1330.11,2754.86,1322.11,4.44,1.93,0.31,0.91,8.46,5.31,5.4,7514348.0,3553424.0,460.63,809298.0
2024-03-22,13.06,104.43,121.18,2160.0,81.1,4.22,5.5,4.59,3.08,2.35,-0.43,-0.94,80.63,85.43,1334.68,2748.56,1338.14,4.39,1.87,0.29,0.92,8.45,5.31,5.4,7514348.0,3553424.0,478.53,809298.0
2024-03-25,13.19,104.23,121.03,2176.4,82.41,4.25,5.5,4.54,3.11,2.33,-0.44,-0.94,81.95,86.75,1343.6,2737.57,1342.61,4.42,1.92,0.29,0.92,8.55,5.31,5.4,7514348.0,3553424.0,473.79,809298.0
2024-03-26,13.24,104.29,121.07,2177.2,82.41,4.24,5.5,4.56,3.15,2.32,-0.44,-0.94,81.62,86.25,1339.13,2757.09,1344.0,4.4,1.92,0.29,0.93,8.59,5.32,5.4,7514348.0,3553424.0,496.06,809298.0
2024-03-27,12.78,104.35,121.01,2190.6,82.15,4.2,5.5,4.54,3.15,2.32,-0.44,-0.94,81.35,86.09,1343.06,2755.11,1348.58,4.36,1.88,0.27,0.94,8.58,5.33,5.4,7484739.0,3496121.0,518.36,802233.0
2024-03-28,13.01,104.55,121.06,2217.4,83.96,4.2,5.5,4.59,3.12,2.32,-0.44,-0.94,83.17,87.48,1349.8,2745.82,1346.01,4.34,1.88,0.27,0.93,8.52,5.34,5.4,7484739.0,3496121.0,594.43,802233.0
2024-03-29,,,121.02,,,,5.5,,,,-0.43,-0.92,,,1349.8,2746.63,1347.08,,,,,,,5.4,7484739.0,3496121.0,,802233.0
2024-03-31,,,,,,,5.5,,3.15,,-0.43,-0.92,,,1345.31,,,,,,0.94,8.57,,5.4,7484739.0,3496121.0,,802233.0
2024-04-01,13.65,105.02,121.52,2257.1,84.54,4.33,5.5,4.72,3.12,2.35,-0.43,-0.92,83.71,87.42,1355.53,2747.86,1348.75,4.47,1.98,0.32,0.93,8.59,5.35,5.4,7484739.0,3496121.0,441.9,802233.0
2024-04-02,14.61,104.82,121.3,2281.8,85.95,4.36,5.5,4.7,3.23,2.36,-0.43,-0.92,85.15,88.92,1350.73,2753.16,1351.37,4.51,2.0,0.34,0.93,8.78,5.34,5.4,7484739.0,3496121.0,448.42,802233.0
2024-04-03,14.33,104.25,121.02,2315.0,86.22,4.36,5.5,4.68,3.23,2.36,-0.43,-0.92,85.43,89.35,1344.84,2706.97,1348.5,4.51,2.0,0.35,0.92,8.83,5.32,5.4,7439558.0,3414288.0,436.63,768651.0
2024-04-04,16.35,104.12,120.76,2308.5,87.37,4.31,5.5,4.65,3.24,2.34,-0.43,-0.92,86.59,90.65,1351.36,2742.0,1346.87,4.47,1.97,0.33,0.92,8.83,5.32,5.4,7439558.0,3414288.0,438.76,768651.0
2024-04-05,16.03,104.3,120.96,2345.4,87.69,4.39,5.5,4.73,3.18,2.37,-0.42,-0.85,86.91,91.17,,2714.21,1352.58,4.54,2.02,0.36,0.92,8.78,5.32,5.4,7439558.0,3414288.0,438.32,768651.0
2024-04-08,15.19,104.14,120.74,2351.0,87.24,4.42,5.5,4.78,3.15,2.38,-0.42,-0.85,86.43,90.38,1354.22,2717.65,1353.2,4.55,2.04,0.38,0.91,8.78,5.31,5.4,7439558.0,3414288.0,448.6,768651.0
2024-04-09,14.98,104.15,120.7,2362.4,86.04,4.36,5.5,4.74,3.14,2.36,-0.42,-0.85,85.23,89.42,1348.54,2705.16,1354.8,4.5,2.0,0.37,0.91,8.73,5.31,5.4,7439558.0,3414288.0,441.79,768651.0
2024-04-10,15.8,105.25,121.57,2348.4,86.98,4.55,5.5,4.97,3.1,2.4,-0.42,-0.85,86.21,90.48,1363.76,,1349.05,4.64,2.15,0.44,0.89,8.68,5.31,5.4,7438176.0,3586845.0,445.82,704971.0
2024-04-11,14.91,105.28,121.61,2372.7,85.79,4.56,5.5,4.93,3.16,2.4,-0.42,-0.85,85.02,89.74,1367.84,2706.96,1364.19,4.65,2.16,0.46,0.89,8.72,5.31,5.4,7438176.0,3586845.0,455.36,704971.0
2024-04-12,17.31,106.04,122.29,2374.1,86.46,4.5,5.5,4.88,3.25,2.39,-0.42,-0.8,85.66,90.45,,2681.82,1374.74,4.61,2.11,0.44,0.92,8.86,5.31,5.4,7438176.0,3586845.0,407.32,704971.0
2024-04-15,19.23,106.21,122.42,2383.0,86.21,4.63,5.5,4.93,3.28,2.43,-0.42,-0.8,85.41,90.1,1387.67,2670.43,1383.63,4.74,2.2,0.48,0.92,8.94,5.32,5.4,7438176.0,3586845.0,327.07,704971.0
2024-04-16,18.4,106.26,123.12,2407.8,86.15,4.67,5.5,4.97,3.36,2.43,-0.42,-0.8,85.36,90.02,1387.34,2609.63,1393.92,4.77,2.24,0.51,0.95,9.1,5.31,5.4,7438176.0,3586845.0,371.55,704971.0
2024-04-17,18.21,105.95,123.02,2388.4,83.58,4.59,5.5,4.93,3.42,2.39,-0.42,-0.8,82.69,87.29,1379.54,2584.18,1385.88,4.71,2.2,0.49,0.95,9.18,5.31,5.4,7405506.0,3522717.0,440.51,796535.0
2024-04-18,18.0,106.15,123.0,2398.0,83.5,4.64,5.5,4.98,3.39,2.4,-0.42,-0.8,82.73,87.11,1379.4,2634.7,1373.42,4.74,2.24,0.5,0.94,9.16,5.3,5.4,7405506.0,3522717.0,433.01,796535.0
2024-04-19,18.71,106.15,123.11,2413.8,83.79,4.62,5.5,4.97,3.37,2.41,-0.41,-0.43,83.14,87.29,,2591.86,1376.72,4.72,2.21,0.5,0.94,9.16,5.31,5.4,7405506.0,3522717.0,397.23,796535.0
2024-04-22,16.94,106.08,123.06,2346.4,83.82,4.62,5.5,4.97,3.29,2.41,-0.41,-0.42,82.85,87.0,1378.84,2629.44,1381.84,4.72,2.21,0.5,0.93,9.11,5.31,5.4,7405506.0,3522717.0,409.82,796535.0
2024-04-23,15.69,105.69,122.72,2342.1,84.17,4.61,5.5,4.86,3.2,2.41,-0.41,-0.42,83.36,88.42,1370.48,2623.02,1379.27,4.73,2.2,0.49,0.92,8.98,5.31,5.4,7405506.0,3522717.0,435.88,796535.0
2024-04-24,15.97,105.86,122.89,2338.4,84.09,4.65,5.5,4.89,3.19,2.41,-0.41,-0.42,82.81,88.02,1376.97,2675.75,1369.86,4.78,2.24,0.5,0.92,8.93,5.31,5.4,7402434.0,3324363.0,441.21,941430.0
2024-04-25,15.37,105.6,122.84,2342.5,84.92,4.7,5.5,4.96,3.24,2.42,-0.41,-0.42,83.57,89.01,1371.7,2628.62,1369.86,4.82,2.28,0.53,0.92,9.01,5.31,5.4,7402434.0,3324363.0,443.93,941430.0
2024-04-26,15.03,105.94,122.95,2347.2,85.38,4.67,5.5,4.96,3.16,2.43,-0.41,-0.83,83.85,89.5,,2656.33,1375.1,4.78,2.24,0.52,0.9,8.91,5.32,5.4,7402434.0,3324363.0,464.91,941430.0
2024-04-29,14.67,105.58,122.54,2357.7,84.26,4.63,5.5,4.97,3.12,2.41,-0.41,-0.83,82.63,88.4,1374.64,2687.44,1377.35,4.75,2.22,0.51,0.9,8.82,5.32,5.4,7402434.0,3324363.0,505.53,941430.0
2024-04-30,15.65,106.22,122.99,2302.9,83.49,4.69,5.5,5.04,3.18,2.41,-0.41,-0.83,81.93,87.86,1385.46,2692.06,1381.92,4.79,2.28,0.53,0.91,9.16,5.34,5.4,7402434.0,3324363.0,534.23,941430.0
2024-05-01,15.39,105.76,123.02,2311.0,80.7,4.63,5.5,4.96,3.21,2.38,-0.41,-0.83,79.0,83.44,1375.0,,1386.95,4.74,2.25,0.5,0.91,9.21,5.32,5.4,7362474.0,3252733.0,438.15,917177.0
2024-05-02,14.68,105.3,122.44,2309.6,80.59,4.58,5.5,4.87,3.16,2.37,-0.41,-0.83,78.95,83.67,1364.64,2683.65,1375.39,4.72,2.21,0.47,0.9,9.12,5.31,5.4,7362474.0,3252733.0,428.68,917177.0
2024-05-03,13.49,105.03,122.14,2308.6,79.65,4.5,5.5,4.81,3.08,2.35,-0.41,-0.82,78.11,82.96,,2676.63,1363.04,4.66,2.15,0.43,0.89,9.04,5.31,5.4,7362474.0,3252733.0,450.17,917177.0
2024-05-06,13.49,105.05,121.89,2331.2,80.1,4.49,5.5,4.82,3.03,2.35,-0.41,-0.82,78.48,83.33,1352.17,,1358.81,4.64,2.14,0.42,0.88,9.02,5.31,5.4,7362474.0,3252733.0,468.97,917177.0
2024-05-07,13.23,105.41,122.09,2324.2,79.97,4.47,5.5,4.82,3.06,2.32,-0.41,-0.82,78.38,83.16,1357.73,2734.36,1359.45,4.61,2.15,0.41,0.88,9.09,5.31,5.4,7362474.0,3252733.0,475.32,917177.0
2024-05-08,13.0,105.55,122.19,2322.3,80.57,4.48,5.5,4.84,3.1,2.31,-0.41,-0.82,78.99,83.58,1361.94,2745.05,1359.45,4.64,2.17,0.42,0.89,9.17,5.31,5.4,7353408.0,3331156.0,493.43,851591.0
2024-05-09,12.69,105.23,122.16,2340.3,80.86,4.45,5.5,4.8,3.14,2.32,-0.41,-0.82,79.26,83.88,1365.4,2712.14,1369.74,4.6,2.13,0.4,0.89,9.2,5.31,5.4,7353408.0,3331156.0,458.55,851591.0
2024-05-10,12.55,105.31,122.01,2375.0,79.81,4.5,5.5,4.87,3.12,2.34,-0.41,-0.9,78.26,82.79,,2727.63,1367.77,4.64,2.16,0.42,0.89,9.22,5.31,5.4,7353408.0,3331156.0,486.43,851591.0
2024-05-13,13.6,105.22,122.03,2343.0,80.71,4.48,5.5,4.85,3.14,2.33,-0.41,-0.91,79.12,83.36,1363.79,2727.21,1367.91,4.63,2.15,0.42,0.9,9.22,5.31,5.4,7353408.0,3331156.0,492.07,851591.0
2024-05-14,13.42,105.01,121.93,2359.9,79.62,4.45,5.5,4.81,3.14,2.33,-0.41,-0.91,78.02,82.38,1362.55,2730.34,1368.77,4.59,2.12,0.4,0.9,9.14,5.31,5.4,7353408.0,3331156.0,468.34,851591.0
2024-05-15,12.45,104.35,121.35,2394.9,80.23,4.36,5.5,4.73,3.13,2.31,-0.41,-0.91,78.63,82.75,1353.6,,1360.15,4.52,2.05,0.36,0.9,9.1,5.31,5.4,7304272.0,3369747.0,443.78,787133.0
2024-05-16,12.42,104.46,121.22,2385.5,80.85,4.38,5.5,4.78,3.08,2.31,-0.41,-0.91,79.23,83.27,1346.04,2753.0,1345.15,4.52,2.07,0.36,0.89,9.05,5.31,5.4,7304272.0,3369747.0,410.12,787133.0
2024-05-17,11.99,104.45,121.24,2417.4,81.66,4.42,5.5,4.83,3.09,2.32,-0.41,-0.9,80.06,83.98,,2724.62,1354.83,4.56,2.1,0.37,0.89,9.02,5.31,5.4,7304272.0,3369747.0,449.37,787133.0
2024-05-20,12.15,104.57,121.23,2438.5,81.39,4.44,5.5,4.82,3.07,2.33,-0.41,-0.9,79.8,83.71,1360.16,2742.14,1356.0,4.58,2.11,0.38,0.88,8.98,5.31,5.4,7304272.0,3369747.0,489.73,787133.0
2024-05-21,11.86,104.66,121.38,2425.9,80.66,4.41,5.5,4.82,3.07,2.32,-0.41,-0.9,79.26,82.88,1363.42,2724.18,1363.54,4.55,2.09,0.38,0.89,8.98,5.31,5.4,7304272.0,3369747.0,491.72,787133.0
2024-05-22,12.29,104.94,121.55,2392.9,79.15,4.43,5.5,4.86,3.11,2.33,-0.41,-0.9,77.57,81.9,1365.81,2723.46,1362.36,4.55,2.1,0.38,0.89,9.01,5.31,5.4,7299566.0,3390794.0,496.38,725376.0
2024-05-23,12.77,105.11,121.75,2337.2,77.47,4.47,5.5,4.91,3.1,2.3,-0.41,-0.9,76.87,81.36,1367.62,2721.81,1362.38,4.58,2.17,0.41,0.89,9.0,5.31,5.4,7299566.0,3390794.0,467.4,725376.0
2024-05-24,11.93,104.72,121.62,2334.5,78.48,4.46,5.5,4.93,3.11,2.32,-0.41,-0.96,77.72,82.12,,2687.6,1369.02,4.57,2.14,0.41,0.89,9.03,5.32,5.4,7299566.0,3390794.0,431.24,725376.0
2024-05-27,12.36,,,,,,5.5,,3.12,,-0.41,-0.96,,,1360.93,2722.99,,,,,0.89,9.05,,5.4,7299566.0,3390794.0,,725376.0
2024-05-28,12.92,104.61,121.43,2356.5,80.9,4.54,5.5,4.94,3.09,2.34,-0.41,-0.96,79.83,84.22,1362.76,2722.85,1357.65,4.66,2.2,0.43,0.88,9.02,5.32,5.4,7299566.0,3390794.0,417.84,725376.0
2024-05-29,14.28,105.1,122.16,2341.2,80.24,4.61,5.5,4.96,3.15,2.36,-0.41,-0.96,79.23,83.6,1370.55,2677.3,1365.07,4.74,2.25,0.47,0.88,9.09,5.33,5.4,7284319.0,3409342.0,459.31,704335.0
2024-05-30,14.47,104.72,121.96,2342.9,78.96,4.55,5.5,4.92,3.19,2.36,-0.41,-0.96,77.91,81.86,1375.62,2635.44,1365.07,4.69,2.19,0.46,0.88,9.15,5.33,5.4,7284319.0,3409342.0,452.03,704335.0
2024-05-31,12.92,104.67,122.1,2322.9,77.97,4.51,5.5,4.89,3.2,2.35,-0.41,-0.85,76.99,81.62,,2636.52,1385.43,4.65,2.16,0.44,0.88,9.34,5.34,5.4,7284319.0,3409342.0,439.81,704335.0
2024-06-03,13.11,104.14,122.35,2369.3,75.26,4.41,5.5,4.82,3.17,2.33,-0.41,-0.85,74.22,78.36,1370.79,2682.52,1375.91,4.55,2.08,0.39,0.88,9.33,5.35,5.4,7284319.0,3409342.0,387.07,704335.0
2024-06-04,13.16,104.11,122.73,2347.4,74.27,4.33,5.5,4.77,3.22,2.31,-0.41,-0.85,73.25,77.52,1373.72,2662.1,1375.96,4.48,2.02,0.35,0.9,9.37,5.33,5.4,7284319.0,3409342.0,377.82,704335.0
2024-06-05,12.63,104.27,122.53,2375.5,75.08,4.29,5.5,4.72,3.2,2.3,-0.41,-0.85,74.07,78.41,1368.74,2689.5,1372.58,4.44,1.99,0.32,0.91,9.33,5.33,5.4,7255687.0,3408310.0,371.84,710309.0
2024-06-06,12.58,104.1,122.37,2390.9,76.52,4.28,5.5,4.72,3.2,2.28,-0.41,-0.85,75.55,79.87,1365.25,,1365.45,4.43,2.0,0.31,0.92,9.25,5.33,5.4,7255687.0,3408310.0,378.12,710309.0
2024-06-07,12.22,104.89,123.55,2325.0,76.53,4.43,5.5,4.87,3.15,2.3,-0.4,-0.82,75.53,79.62,,2722.67,1366.38,4.55,2.13,0.36,0.9,9.22,5.33,5.4,7255687.0,3408310.0,395.46,710309.0
2024-06-10,12.74,105.15,123.91,2327.0,78.75,4.47,5.5,4.87,3.15,2.31,-0.4,-0.82,77.74,81.63,1373.96,2701.17,1375.71,4.59,2.16,0.39,0.9,9.2,5.32,5.4,7255687.0,3408310.0,416.48,710309.0
2024-06-11,12.85,105.23,124.03,2326.6,78.88,4.39,5.5,4.81,3.19,2.27,-0.4,-0.82,77.9,81.92,1377.36,2705.32,1375.71,4.53,2.12,0.37,0.91,9.25,5.32,5.4,7255687.0,3408310.0,410.45,710309.0
2024-06-12,12.04,104.65,123.83,2354.8,79.56,4.31,5.5,4.75,3.09,2.22,-0.4,-0.82,78.5,82.6,1370.41,2728.17,1378.01,4.47,2.09,0.33,0.9,9.07,5.31,5.4,7258974.0,3455134.0,447.57,673573.0
2024-06-13,11.94,105.2,124.02,2318.0,79.61,4.24,5.5,4.68,3.2,2.21,-0.4,-0.82,78.62,82.75,1373.74,2754.89,1376.11,4.4,2.03,0.29,0.92,9.18,5.31,5.4,7258974.0,3455134.0,429.86,673573.0
2024-06-14,12.66,105.55,124.17,2349.1,79.41,4.2,5.5,4.67,3.29,2.17,-0.39,-0.86,78.45,82.62,,2758.42,1378.96,4.34,2.03,0.27,0.95,9.33,5.31,5.4,7258974.0,3455134.0,386.88,673573.0
2024-06-17,12.75,105.32,124.24,2329.0,81.33,4.28,5.5,4.75,3.26,2.22,-0.39,-0.86,80.33,84.25,1379.06,2744.1,1380.5,4.4,2.06,0.29,0.95,9.36,5.33,5.4,7258974.0,3455134.0,333.43,673573.0
2024-06-18,12.3,105.26,123.98,2346.9,82.67,4.22,5.5,4.69,3.24,2.21,-0.39,-0.86,81.57,85.33,1378.61,2763.92,1380.88,4.36,2.01,0.27,0.96,9.35,5.33,5.4,7258974.0,3455134.0,375.54,673573.0
2024-06-19,12.48,,,,,,5.5,,3.24,,-0.39,-0.86,,,1381.15,2797.33,,,,,0.96,9.36,,5.4,7252542.0,3434274.0,,723410.0
2024-06-20,13.28,105.59,124.19,2369.0,83.34,4.25,5.5,4.7,3.23,2.25,-0.39,-0.86,82.17,85.71,1391.82,2807.63,1384.38,4.39,2.0,0.28,0.96,9.32,5.32,5.4,7252542.0,3434274.0,388.84,723410.0
2024-06-21,13.2,105.8,124.11,2331.2,81.71,4.25,5.5,4.7,3.21,2.23,-0.39,-0.82,80.73,85.24,,2784.26,1388.17,4.39,2.02,0.28,0.96,9.36,5.31,5.4,7252542.0,3434274.0,421.04,723410.0
2024-06-24,13.33,105.47,123.71,2344.4,82.63,4.25,5.5,4.71,3.19,2.22,-0.39,-0.82,81.63,86.01,1386.11,2764.73,1389.17,4.38,2.03,0.28,0.96,9.37,5.31,5.4,7252542.0,3434274.0,435.92,723410.0
2024-06-25,12.84,105.61,123.94,2330.8,81.97,4.23,5.5,4.65,3.19,2.22,-0.39,-0.82,80.83,85.01,1390.89,2774.39,1387.16,4.36,2.01,0.28,0.96,9.39,5.33,5.4,7252542.0,3434274.0,466.31,723410.0
2024-06-26,12.55,106.05,124.26,2313.2,82.19,4.32,5.5,4.71,3.18,2.26,-0.39,-0.82,80.9,85.25,1393.38,2792.05,1388.65,4.45,2.06,0.31,0.97,9.41,5.34,5.4,7231163.0,3302647.0,490.16,765417.0
2024-06-27,12.24,105.91,124.34,2336.6,83.04,4.29,5.5,4.7,3.21,2.26,-0.39,-0.82,81.74,86.39,1386.95,2784.06,1385.76,4.43,2.03,0.31,0.96,9.44,5.34,5.4,7231163.0,3302647.0,531.69,765417.0
2024-06-28,12.44,105.87,124.21,2339.6,82.83,4.36,5.5,4.71,3.18,2.28,-0.38,-0.83,81.54,86.41,,2797.82,1376.55,4.51,2.08,0.33,0.96,9.42,5.33,5.4,7231163.0,3302647.0,664.57,765417.0
2024-06-30,,,,,,,5.5,,3.21,,-0.38,-0.83,,,1380.29,,,,,,0.96,9.53,,5.4,7231163.0,3302647.0,,765417.0
2024-07-01,12.22,105.9,124.47,2338.9,84.7,4.48,5.5,4.77,3.21,2.32,-0.38,-0.83,83.38,86.6,1383.42,2804.31,1383.0,4.64,2.16,0.39,0.94,9.51,5.4,5.4,7231163.0,3302647.0,451.78,765417.0
2024-07-02,12.03,105.72,124.29,2333.4,84.09,4.43,5.5,4.74,3.23,2.3,-0.38,-0.83,82.81,86.24,1383.42,2780.86,1386.55,4.6,2.13,0.38,0.93,9.55,5.35,5.4,7231163.0,3302647.0,443.37,765417.0
2024-07-03,12.09,105.4,123.78,2369.4,85.19,4.36,5.5,4.71,3.25,2.27,-0.38,-0.83,83.88,87.34,1385.77,2794.01,1384.85,4.53,2.09,0.35,0.93,9.58,5.33,5.4,7221520.0,3184180.0,425.9,761373.0
2024-07-04,12.26,,,,,,5.5,,3.25,,-0.38,-0.83,,,1380.25,2824.94,,,,,0.93,9.59,,5.4,7221520.0,3184180.0,,761373.0
2024-07-05,12.48,104.88,123.48,2397.7,84.44,4.28,5.5,4.6,3.27,2.28,-0.37,-0.83,83.16,86.54,,2862.23,1379.87,4.47,2.0,0.31,0.92,9.59,5.32,5.4,7221520.0,3184180.0,390.63,761373.0
2024-07-08,12.37,105.01,123.36,2363.5,83.63,4.28,5.5,4.62,3.2,2.27,-0.37,-0.83,82.33,85.75,1382.75,2857.76,1382.73,4.46,2.01,0.3,0.92,9.52,5.32,5.4,7221520.0,3184180.0,415.26,761373.0
2024-07-09,12.51,105.12,123.41,2367.9,82.78,4.3,5.5,4.62,3.21,2.26,-0.37,-0.83,81.41,84.66,1382.42,2867.38,1383.39,4.49,2.04,0.31,0.92,9.51,5.34,5.4,7221520.0,3184180.0,423.15,761373.0
2024-07-10,12.85,105.05,123.19,2379.7,83.39,4.28,5.5,4.62,3.17,2.27,-0.37,-0.83,82.1,85.08,1382.99,2867.99,1383.42,4.47,2.01,0.3,0.92,9.46,5.34,5.4,7224079.0,3341977.0,422.15,736402.0
2024-07-11,12.92,104.44,122.77,2421.9,83.92,4.2,5.5,4.5,3.18,2.25,-0.37,-0.83,82.62,85.4,1371.27,2891.35,1370.85,4.41,1.95,0.27,0.93,9.52,5.34,5.4,7224079.0,3341977.0,403.71,736402.0
2024-07-12,12.46,104.09,122.44,2420.7,83.49,4.18,5.5,4.45,3.19,2.24,-0.37,-0.81,82.21,85.03,,2857.0,1374.9,4.39,1.94,0.25,0.92,9.51,5.34,5.4,7224079.0,3341977.0,406.59,736402.0
2024-07-15,13.12,104.19,122.63,2428.9,83.22,4.23,5.5,4.44,3.13,2.27,-0.37,-0.81,81.91,84.85,1383.69,2860.92,1382.97,4.46,1.96,0.27,0.92,9.38,5.34,5.4,7224079.0,3341977.0,413.28,736402.0
2024-07-16,13.19,104.27,122.73,2467.8,81.92,4.17,5.5,4.43,3.08,2.26,-0.37,-0.81,80.76,83.73,1382.64,2866.09,1384.99,4.38,1.91,0.25,0.92,9.3,5.35,5.4,7224079.0,3341977.0,409.59,736402.0
2024-07-17,14.48,103.75,122.52,2459.9,84.16,4.16,5.5,4.42,3.09,2.26,-0.37,-0.81,82.85,85.08,1378.65,2843.29,1380.61,4.37,1.9,0.24,0.93,9.37,5.35,5.4,7208247.0,3331425.0,399.4,751593.0
2024-07-18,15.93,104.17,122.79,2456.4,84.17,4.2,5.5,4.46,3.09,2.31,-0.37,-0.81,82.82,85.11,1385.24,2824.35,1383.85,4.41,1.89,0.26,0.93,9.3,5.34,5.4,7208247.0,3331425.0,391.65,751593.0
2024-07-19,16.52,104.4,123.15,2399.1,81.43,4.25,5.5,4.49,3.09,2.32,-0.36,-0.65,80.13,82.63,,2795.46,1389.29,4.45,1.93,0.28,0.93,9.32,5.34,5.4,7208247.0,3331425.0,379.8,751593.0
2024-07-22,14.91,104.31,123.22,2394.7,81.25,4.26,5.5,4.5,3.05,2.3,-0.36,-0.65,79.78,82.4,1387.1,2763.51,1388.71,4.48,1.96,0.29,0.93,9.31,5.33,5.4,7208247.0,3331425.0,395.9,751593.0
2024-07-23,14.72,104.45,123.38,2407.3,78.24,4.25,5.5,4.4,3.02,2.29,-0.36,-0.65,76.96,81.01,1384.57,2774.29,1385.78,4.48,1.96,0.29,0.93,9.26,5.34,5.4,7208247.0,3331425.0,389.84,751593.0
2024-07-24,18.04,104.39,123.56,2415.7,78.78,4.28,5.5,4.37,3.1,2.28,-0.36,-0.65,77.59,81.71,1382.65,2758.71,1379.4,4.54,2.0,0.3,0.96,9.34,5.34,5.4,7205455.0,3308580.0,399.12,774315.0
2024-07-25,18.46,104.36,123.53,2353.5,79.43,4.27,5.5,4.41,3.08,2.28,-0.36,-0.65,78.28,82.37,1381.43,2710.65,1380.57,4.5,1.99,0.3,0.95,9.31,5.35,5.4,7205455.0,3308580.0,377.43,774315.0
2024-07-26,16.39,104.32,123.67,2381.0,78.58,4.2,5.5,4.36,3.1,2.27,-0.36,-0.62,77.16,81.13,,2731.9,1383.11,4.45,1.93,0.28,0.95,9.29,5.35,5.4,7205455.0,3308580.0,381.26,774315.0
2024-07-29,16.6,104.56,124.14,2377.8,77.27,4.17,5.5,4.36,3.13,2.25,-0.36,-0.62,75.81,79.78,1381.36,2765.53,1381.93,4.42,1.92,0.26,0.95,9.22,5.33,5.4,7205455.0,3308580.0,385.28,774315.0
2024-07-30,17.69,104.55,124.29,2405.0,76.17,4.15,5.5,4.35,3.2,2.25,-0.36,-0.62,74.73,78.63,1383.5,2738.19,1384.98,4.4,1.9,0.25,0.96,9.19,5.33,5.4,7205455.0,3308580.0,367.05,774315.0
2024-07-31,16.36,104.1,123.64,2426.5,79.36,4.09,5.5,4.29,3.25,2.24,-0.36,-0.62,77.91,80.72,1367.92,2770.69,1369.29,4.35,1.85,0.22,0.97,9.42,5.38,5.4,7178391.0,3293519.0,413.2,786486.0
2024-08-01,18.59,104.42,123.87,2480.8,77.74,3.99,5.5,4.16,3.35,2.2,-0.36,-0.62,76.31,79.52,1368.97,2777.68,1368.5,4.27,1.79,0.17,1.0,9.53,5.35,5.4,7178391.0,3293519.0,348.88,786486.0
2024-08-02,23.39,103.21,123.47,2469.8,74.99,3.8,5.5,3.88,3.72,2.04,-0.36,-0.32,73.52,76.81,,2676.19,1359.38,4.11,1.76,0.08,1.06,10.1,5.35,5.4,7178391.0,3293519.0,338.47,786486.0
2024-08-05,38.57,102.69,123.58,2444.4,74.46,3.78,5.5,3.89,3.93,2.07,-0.36,-0.32,72.94,76.3,1367.4,2441.55,1367.68,4.06,1.71,0.06,1.12,10.55,5.32,5.4,7178391.0,3293519.0,316.25,786486.0
2024-08-06,27.71,102.97,123.65,2431.6,74.6,3.9,5.5,3.99,3.67,2.12,-0.36,-0.32,73.2,76.48,1370.31,2522.15,1377.4,4.18,1.78,0.11,1.08,10.19,5.33,5.4,7178391.0,3293519.0,291.96,786486.0
2024-08-07,27.85,103.2,123.57,2432.4,76.68,3.96,5.5,4.0,3.57,2.11,-0.36,-0.32,75.23,78.33,1375.33,2568.41,1374.98,4.26,1.85,0.14,1.07,9.96,5.33,5.4,7175256.0,3351662.0,286.66,770931.0
2024-08-08,23.79,103.21,123.45,2463.3,77.64,3.99,5.5,4.04,3.48,2.12,-0.36,-0.32,76.19,79.16,1373.76,2556.73,1376.94,4.28,1.87,0.17,1.05,9.83,5.34,5.4,7175256.0,3351662.0,303.16,770931.0
2024-08-09,20.37,103.14,122.93,2473.4,78.28,3.94,5.5,4.05,3.49,2.1,-0.36,-0.14,76.84,79.66,,2588.43,1363.71,4.23,1.84,0.16,1.05,9.83,5.34,5.4,7175256.0,3351662.0,312.2,770931.0
2024-08-12,20.71,103.14,123.22,2504.0,81.45,3.9,5.5,4.01,3.52,2.11,-0.36,-0.15,80.06,82.3,1369.54,2618.3,1369.87,4.19,1.79,0.14,1.05,9.8,5.34,5.4,7175256.0,3351662.0,328.64,770931.0
2024-08-13,18.12,102.56,123.01,2507.8,79.81,3.85,5.5,3.93,3.54,2.09,-0.36,-0.15,78.35,80.69,1362.17,2621.5,1367.28,4.16,1.76,0.11,1.04,9.84,5.34,5.4,7175256.0,3351662.0,324.49,770931.0
2024-08-14,16.19,102.57,122.43,2479.7,78.47,3.83,5.5,3.94,3.46,2.06,-0.36,-0.15,76.98,79.76,1355.71,2644.5,1355.35,4.12,1.77,0.1,1.02,9.69,5.33,5.4,7177688.0,3346138.0,328.47,794120.0
2024-08-15,15.23,102.98,122.58,2492.4,79.66,3.92,5.5,4.08,3.31,2.12,-0.36,-0.15,78.16,81.04,1363.51,,1363.21,4.18,1.8,0.14,0.98,9.66,5.35,5.4,7177688.0,3346138.0,307.14,794120.0
2024-08-16,14.8,102.46,122.4,2537.8,78.05,3.89,5.5,4.06,3.29,2.08,-0.37,-0.72,76.65,79.68,,2697.23,1354.34,4.15,1.81,0.13,0.98,9.63,5.32,5.4,7177688.0,3346138.0,330.32,794120.0
2024-08-19,14.65,101.89,121.88,2541.3,75.82,3.86,5.5,4.06,3.21,2.07,-0.37,-0.73,74.37,77.66,1330.88,2674.36,1334.21,4.11,1.79,0.12,0.97,9.52,5.32,5.4,7177688.0,3346138.0,333.58,794120.0
2024-08-20,15.88,101.44,121.77,2550.6,75.27,3.82,5.5,3.99,3.25,2.07,-0.37,-0.73,74.04,77.2,1327.58,2696.63,1331.78,4.07,1.75,0.1,0.98,9.59,5.32,5.4,7177688.0,3346138.0,310.82,794120.0
2024-08-21,16.27,101.04,121.85,2547.5,72.76,3.79,5.5,3.92,3.27,2.07,-0.37,-0.73,71.93,76.05,1333.66,2701.13,1333.74,4.06,1.72,0.09,0.98,9.61,5.31,5.4,7139952.0,3355586.0,321.33,736494.0
2024-08-22,17.55,101.51,122.36,2516.7,73.72,3.86,5.5,3.99,3.21,2.1,-0.37,-0.73,73.01,77.22,1339.54,2707.67,1343.23,4.13,1.76,0.11,0.97,9.52,5.31,5.4,7139952.0,3355586.0,316.78,736494.0
2024-08-23,15.86,100.72,121.46,2546.3,75.82,3.81,5.5,3.9,3.19,2.13,-0.38,-0.63,74.83,79.02,,2701.69,1327.56,4.1,1.68,0.1,0.96,9.45,5.33,5.4,7139952.0,3355586.0,312.9,736494.0
2024-08-26,16.15,100.85,121.69,2555.2,78.4,3.82,5.5,3.91,3.15,2.15,-0.38,-0.64,77.42,81.43,1326.64,2698.01,1328.53,4.11,1.67,0.1,0.96,9.39,5.34,5.4,7139952.0,3355586.0,353.56,736494.0
2024-08-27,15.43,100.55,121.87,2552.9,76.5,3.83,5.5,3.83,3.17,2.15,-0.38,-0.64,75.53,79.55,1326.36,2689.25,1330.9,4.13,1.68,0.11,0.96,9.43,5.35,5.4,7139952.0,3355586.0,344.05,736494.0
2024-08-28,17.11,101.09,121.89,2537.8,75.49,3.84,5.5,3.83,3.19,2.15,-0.38,-0.64,74.52,78.65,1336.69,2689.83,1335.15,4.13,1.69,0.12,0.96,9.44,5.35,5.4,7123238.0,3313566.0,388.89,745851.0
2024-08-29,15.65,101.34,122.23,2560.3,76.9,3.87,5.5,3.87,3.15,2.16,-0.38,-0.64,75.91,79.94,1332.88,2662.28,1332.02,4.15,1.71,0.13,0.96,9.37,5.33,5.4,7123238.0,3313566.0,383.43,745851.0
2024-08-30,15.0,101.7,122.33,2527.6,74.52,3.91,5.5,3.91,3.13,2.15,-0.39,-0.64,73.55,78.8,,2674.31,1336.0,4.2,1.76,0.15,0.95,9.37,5.32,5.4,7123238.0,3313566.0,433.13,745851.0
2024-08-31,,,,,,,5.5,,3.17,,-0.39,-0.64,,,,,,,,,0.96,9.47,,5.4,7123238.0,3313566.0,,745851.0
2024-09-02,15.55,,,,,,5.5,,3.17,,-0.39,-0.64,,,1337.55,2681.0,,,,,0.96,9.47,,5.4,7123238.0,3313566.0,,745851.0
2024-09-03,20.72,101.83,122.78,2523.0,71.28,3.84,5.5,3.88,3.31,2.11,-0.39,-0.64,70.34,73.75,1340.41,2664.63,1339.79,4.13,1.73,0.13,0.98,9.65,5.34,5.4,7123238.0,3313566.0,349.81,745851.0
2024-09-04,21.32,101.36,122.51,2526.0,70.11,3.77,5.5,3.76,3.35,2.07,-0.39,-0.64,69.2,72.7,1331.01,2580.8,1336.93,4.06,1.7,0.09,0.99,9.57,5.35,5.4,7112567.0,3243002.0,337.31,733959.0
2024-09-05,19.9,101.11,122.45,2543.1,70.09,3.73,5.5,3.75,3.29,2.03,-0.39,-0.64,69.15,72.69,1332.79,2575.5,1335.14,4.02,1.7,0.07,0.99,9.32,5.35,5.4,7112567.0,3243002.0,291.09,733959.0
2024-09-06,22.38,101.18,122.5,2524.6,68.58,3.72,5.5,3.66,3.39,2.03,-0.4,-0.38,67.67,71.06,,2544.28,1335.68,4.03,1.69,0.06,0.99,9.37,5.34,5.4,7112567.0,3243002.0,299.27,733959.0
2024-09-09,19.45,101.55,122.72,2532.7,69.65,3.7,5.5,3.68,3.36,2.04,-0.4,-0.38,68.71,71.84,1341.27,2535.93,1342.16,4.0,1.66,0.06,0.99,9.29,5.34,5.4,7112567.0,3243002.0,292.16,733959.0
2024-09-10,19.08,101.63,123.01,2543.1,66.73,3.65,5.5,3.59,3.46,2.02,-0.4,-0.38,65.75,69.19,1343.34,2523.43,1343.41,3.97,1.63,0.04,1.01,9.33,5.33,5.4,7112567.0,3243002.0,281.39,733959.0
2024-09-11,17.69,101.68,122.78,2542.4,68.25,3.65,5.5,3.62,3.44,2.04,-0.4,-0.38,67.31,70.61,1339.18,2513.37,1340.59,3.96,1.61,0.04,1.01,9.27,5.32,5.4,7115001.0,3320818.0,279.21,755958.0
2024-09-12,17.07,101.37,122.44,2580.6,69.89,3.68,5.5,3.64,3.39,2.05,-0.4,-0.38,68.97,71.97,1335.69,2572.09,1341.35,4.0,1.63,0.05,0.99,9.17,5.33,5.4,7115001.0,3320818.0,294.46,755958.0
2024-09-13,16.56,101.11,121.66,2610.7,69.59,3.66,5.5,3.57,3.37,2.08,-0.41,-0.3,68.65,71.61,,2575.41,1329.26,3.98,1.58,0.04,0.99,9.19,5.33,5.4,7115001.0,3320818.0,284.95,755958.0
2024-09-16,17.14,100.76,121.5,2608.9,71.1,3.63,5.5,3.56,3.32,2.09,-0.41,-0.3,70.09,72.75,1319.11,,1320.59,3.94,1.54,0.04,0.98,8.9,5.38,5.4,7115001.0,3320818.0,239.39,755958.0
2024-09-17,17.61,100.89,121.6,2592.4,72.16,3.65,5.5,3.59,3.25,2.12,-0.41,-0.3,71.19,73.7,1322.93,,1323.81,3.96,1.53,0.06,0.97,8.77,5.38,5.4,7115001.0,3320818.0,256.34,755958.0
2024-09-18,18.23,100.6,121.56,2598.6,71.87,3.7,5.5,3.61,3.21,2.12,-0.41,-0.3,70.91,73.65,1322.26,,1324.15,4.03,1.58,0.09,0.95,8.71,5.33,5.4,7109137.0,3313281.0,305.83,771194.0
2024-09-19,16.33,100.61,121.31,2614.6,72.86,3.73,5.0,3.59,3.1,2.17,-0.41,-0.3,71.95,74.88,1327.61,2580.8,1329.08,4.06,1.56,0.11,0.93,8.47,4.82,4.9,7109137.0,3313281.0,311.78,771194.0
2024-09-20,16.15,100.72,121.41,2646.2,72.72,3.73,5.0,3.55,3.15,2.15,-0.42,-0.43,71.92,74.49,,2593.37,1333.66,4.07,1.58,0.12,0.93,8.5,4.83,4.9,7109137.0,3313281.0,339.32,771194.0
2024-09-23,15.89,100.92,121.43,2652.5,71.33,3.75,5.0,3.57,3.15,2.17,-0.42,-0.43,70.37,73.9,1333.62,2602.01,1334.12,4.09,1.58,0.14,0.92,8.59,4.83,4.9,7109137.0,3313281.0,380.37,771194.0
2024-09-24,15.39,100.37,121.13,2677.0,72.34,3.74,5.0,3.49,3.21,2.19,-0.42,-0.43,71.56,75.17,1324.89,2631.68,1330.0,4.09,1.55,0.15,0.92,8.68,4.84,4.9,7109137.0,3313281.0,388.98,771194.0
2024-09-25,15.41,100.92,121.44,2684.7,70.42,3.79,5.0,3.53,3.19,2.18,-0.42,-0.43,69.69,73.46,1335.05,2596.32,1335.1,4.14,1.61,0.17,0.92,8.65,4.84,4.9,7080059.0,3169149.0,416.19,806771.0
2024-09-26,15.37,100.56,121.08,2694.9,68.28,3.79,5.0,3.6,3.14,2.16,-0.42,-0.43,67.67,71.6,1313.3,2671.57,1314.78,4.12,1.63,0.19,0.92,8.63,4.83,4.9,7080059.0,3169149.0,424.92,806771.0
2024-09-27,16.96,100.42,121.11,2668.1,68.72,3.75,5.0,3.55,3.14,2.15,-0.42,-0.27,68.18,71.98,,2649.78,1309.43,4.1,1.6,0.17,0.92,8.4,4.84,4.9,7080059.0,3169149.0,436.52,806771.0
2024-09-30,16.73,100.78,121.29,2659.4,68.75,3.81,5.0,3.66,3.03,2.18,-0.43,-0.27,68.17,71.77,1315.33,2593.27,1314.94,4.14,1.63,0.19,0.92,8.02,4.96,4.9,7080059.0,3169149.0,465.64,806771.0
2024-10-01,19.26,101.19,121.69,2690.3,70.41,3.74,5.0,3.61,3.07,2.19,-0.43,-0.27,69.83,73.56,1324.84,,1323.78,4.08,1.55,0.17,0.92,8.06,5.05,4.9,7080059.0,3169149.0,375.22,806771.0
2024-10-02,18.9,101.68,121.57,2669.7,70.74,3.79,5.0,3.63,3.06,2.21,-0.43,-0.27,70.1,73.9,1324.03,2561.69,1321.53,4.14,1.58,0.19,0.91,8.06,4.92,4.9,7046925.0,3089598.0,383.4,798277.0
2024-10-03,20.49,101.99,122.12,2679.2,74.33,3.85,5.0,3.7,3.04,2.21,-0.43,-0.27,73.71,77.62,1334.41,,1335.58,4.18,1.64,0.22,0.9,8.01,4.85,4.9,7046925.0,3089598.0,341.25,798277.0
2024-10-04,19.21,102.52,122.22,2667.8,74.93,3.98,5.0,3.93,2.89,2.23,-0.43,-0.61,74.38,78.05,,2569.71,1348.74,4.26,1.75,0.29,0.87,7.85,4.83,4.9,7046925.0,3089598.0,330.01,798277.0
2024-10-07,22.64,102.54,122.42,2666.0,77.76,4.03,5.0,3.99,2.95,2.27,-0.43,-0.61,77.14,80.93,1342.37,2610.38,1343.75,4.3,1.76,0.32,0.86,7.9,4.83,4.9,7046925.0,3089598.0,322.95,798277.0
2024-10-08,21.42,102.55,122.66,2635.4,74.26,4.04,5.0,3.98,2.99,2.27,-0.43,-0.61,73.57,77.18,1341.31,2594.36,1346.49,4.32,1.77,0.33,0.87,7.92,4.84,4.9,7046925.0,3089598.0,325.36,798277.0
2024-10-09,20.86,102.93,122.88,2626.0,73.85,4.06,5.0,3.99,2.94,2.29,-0.43,-0.61,73.24,76.58,1343.02,,1346.04,4.34,1.77,0.34,0.85,7.87,4.83,4.9,7046840.0,3186207.0,343.45,802115.0
2024-10-10,20.93,102.99,123.1,2639.3,76.46,4.09,5.0,3.98,2.99,2.33,-0.43,-0.61,75.85,79.4,1349.74,2599.16,1350.77,4.38,1.76,0.35,0.84,7.9,4.82,4.9,7046840.0,3186207.0,322.59,802115.0
2024-10-11,20.46,102.89,122.98,2676.3,76.11,4.08,5.0,3.95,2.98,2.33,-0.43,-0.6,75.56,79.04,,2596.91,1350.71,4.39,1.75,0.35,0.84,7.88,4.81,4.9,7046840.0,3186207.0,331.74,802115.0
2024-10-14,19.7,103.3,,2665.6,,,5.0,,2.97,,-0.43,-0.59,73.83,77.46,1357.27,2623.29,,,,,0.84,7.85,,4.9,7046840.0,3186207.0,,802115.0
2024-10-15,20.64,103.26,123.51,2678.9,71.22,4.03,5.0,3.95,2.93,2.28,-0.43,-0.59,70.58,74.25,1363.18,2633.45,1365.17,4.32,1.75,0.33,0.83,7.8,4.86,4.9,7046840.0,3186207.0,286.4,802115.0
2024-10-16,19.58,103.59,123.92,2691.3,70.97,4.02,5.0,3.93,2.9,2.27,-0.43,-0.59,70.39,74.22,1364.2,2610.36,1363.76,4.3,1.75,0.32,0.83,7.75,4.86,4.9,7039284.0,3209877.0,272.03,791792.0
2024-10-17,19.11,103.83,124.11,2707.5,71.26,4.09,5.0,3.96,2.89,2.3,-0.43,-0.59,70.67,74.45,1370.05,2609.3,1371.08,4.39,1.79,0.35,0.83,7.69,4.85,4.9,7039284.0,3209877.0,262.21,791792.0
2024-10-18,18.03,103.49,123.92,2730.0,69.78,4.08,5.0,3.95,2.88,2.31,-0.44,-0.52,69.22,73.06,,2593.82,1369.65,4.38,1.77,0.35,0.83,7.66,4.84,4.9,7039284.0,3209877.0,259.89,791792.0
2024-10-21,18.37,104.01,124.48,2738.9,71.16,4.19,5.0,4.02,2.88,2.31,-0.44,-0.52,70.56,74.29,1376.5,2604.92,1379.14,4.49,1.88,0.39,0.85,7.67,4.82,4.9,7039284.0,3209877.0,261.04,791792.0
2024-10-22,18.2,104.08,124.41,2759.8,72.84,4.2,5.0,4.03,2.92,2.33,-0.44,-0.52,72.09,76.04,1376.63,2570.7,1379.22,4.49,1.87,0.41,0.85,7.69,4.83,4.9,7039284.0,3209877.0,237.76,791792.0
2024-10-23,19.24,104.43,124.69,2729.4,71.37,4.24,5.0,4.07,2.95,2.31,-0.44,-0.52,70.77,74.96,1377.34,2599.62,1381.61,4.51,1.93,0.44,0.86,7.71,4.83,4.9,7029408.0,3230145.0,270.84,829991.0
2024-10-24,19.08,104.06,124.51,2748.9,70.58,4.21,5.0,4.07,2.93,2.3,-0.44,-0.52,70.19,74.38,1376.32,2581.03,1382.11,4.47,1.91,0.43,0.86,7.69,4.83,4.9,7029408.0,3230145.0,202.8,829991.0
2024-10-25,20.33,104.26,124.61,2754.6,72.02,4.25,5.0,4.11,2.89,2.29,-0.44,-0.39,71.78,76.05,,2583.27,1389.24,4.51,1.96,0.45,0.85,7.69,4.83,4.9,7029408.0,3230145.0,227.0,829991.0
2024-10-28,19.8,104.32,124.81,2755.9,67.65,4.28,5.0,4.12,2.82,2.29,-0.44,-0.39,67.38,71.42,1387.66,2612.43,1385.57,4.53,1.99,0.47,0.84,7.59,4.82,4.9,7029408.0,3230145.0,251.03,829991.0
2024-10-29,19.34,104.28,124.86,2781.1,67.48,4.28,5.0,4.11,2.85,2.3,-0.44,-0.39,67.21,71.12,1381.97,2617.8,1382.2,4.52,1.98,0.47,0.84,7.61,4.82,4.9,7029408.0,3230145.0,244.84,829991.0
2024-10-30,20.35,103.99,124.82,2800.8,68.91,4.29,5.0,4.15,2.8,2.34,-0.44,-0.39,68.61,72.55,1383.18,2593.79,1378.41,4.49,1.95,0.48,0.84,7.52,4.81,4.9,7013490.0,3236958.0,228.95,835237.0
2024-10-31,23.16,103.98,124.8,2749.3,69.58,4.28,5.0,4.16,2.88,2.33,-0.44,-0.39,69.26,73.16,1378.57,2556.15,1377.57,4.47,1.95,0.49,0.86,7.56,4.9,4.9,7013490.0,3236958.0,201.28,835237.0
2024-11-01,21.88,104.28,124.81,2749.2,69.81,4.37,5.0,4.21,2.83,2.33,-0.45,-0.29,69.49,73.1,1372.93,2542.36,1376.95,4.57,2.04,0.53,0.86,7.41,4.86,4.9,7013490.0,3236958.0,155.48,835237.0
2024-11-04,21.98,103.89,124.59,2746.2,71.83,4.31,5.0,4.17,2.87,2.28,-0.45,-0.29,71.47,75.08,1379.34,2588.97,1375.17,4.5,2.03,0.52,0.86,7.51,4.82,4.9,7013490.0,3236958.0,171.88,835237.0
2024-11-05,20.49,103.42,124.55,2749.7,72.26,4.26,5.0,4.19,2.86,2.27,-0.45,-0.29,71.99,75.53,1372.86,2576.88,1380.26,4.44,1.99,0.51,0.84,7.5,4.82,4.9,7013490.0,3236958.0,144.24,835237.0
2024-11-06,16.27,105.09,125.7,2676.3,71.98,4.42,5.0,4.27,2.74,2.38,-0.45,-0.29,71.69,74.92,1378.0,2563.51,1399.98,4.6,2.04,0.56,0.8,7.33,4.81,4.9,6994299.0,3274120.0,177.87,842051.0
2024-11-07,15.2,104.51,124.78,2705.8,72.69,4.31,5.0,4.21,2.73,2.33,-0.45,-0.29,72.36,75.63,1399.8,2564.63,1384.66,4.52,1.98,0.53,0.78,7.28,4.82,4.9,6994299.0,3274120.0,159.0,842051.0
2024-11-08,14.94,105.0,125.58,2694.8,70.69,4.3,4.75,4.26,2.63,2.35,-0.46,-0.56,70.38,73.87,1372.08,2561.15,1396.69,4.47,1.95,0.52,0.77,7.21,4.6,4.65,6994299.0,3274120.0,163.62,842051.0
2024-11-11,14.97,105.54,,2617.7,,,4.75,,2.63,,-0.46,-0.56,68.04,71.83,1397.2,2531.66,,,,,0.77,7.21,,4.65,6994299.0,3274120.0,,842051.0
2024-11-12,14.71,106.02,126.78,2606.3,68.43,4.43,4.75,4.34,2.61,2.35,-0.46,-0.56,68.12,71.89,1400.55,2482.57,1408.28,4.58,2.08,0.56,0.77,7.19,4.6,4.65,6994299.0,3274120.0,178.81,842051.0
2024-11-13,14.02,106.48,126.96,2586.5,68.76,4.44,4.75,4.27,2.64,2.35,-0.46,-0.56,68.43,72.28,1406.65,2417.08,1404.24,4.63,2.09,0.57,0.78,7.25,4.59,4.65,6967108.0,3244149.0,238.11,832186.0
2024-11-14,14.31,106.67,127.0,2572.9,68.99,4.43,4.75,4.34,2.6,2.33,-0.46,-0.56,68.7,72.56,1399.0,2418.86,1402.77,4.58,2.1,0.58,0.8,7.16,4.58,4.65,6967108.0,3244149.0,214.51,832186.0
2024-11-15,16.14,106.69,126.88,2570.1,67.33,4.43,4.75,4.31,2.72,2.33,-0.47,-0.8,67.02,71.04,1400.83,2416.86,1397.42,4.6,2.1,0.58,0.8,7.25,4.57,4.65,6967108.0,3244149.0,172.4,832186.0
2024-11-18,15.58,106.28,126.6,2614.6,69.46,4.42,4.75,4.29,2.72,2.34,-0.46,-0.8,69.16,73.3,1394.35,2469.07,1394.28,4.61,2.08,0.57,0.8,7.25,4.57,4.65,6967108.0,3244149.0,200.03,832186.0
2024-11-19,16.35,106.21,126.4,2631.0,69.75,4.39,4.75,4.27,2.69,2.34,-0.46,-0.8,69.39,73.31,1389.5,2471.95,1392.83,4.57,2.05,0.55,0.8,7.22,4.57,4.65,6967108.0,3244149.0,200.66,832186.0
2024-11-20,17.16,106.68,126.88,2651.7,69.25,4.41,4.75,4.31,2.67,2.35,-0.46,-0.8,68.87,72.81,1392.16,2482.29,1399.51,4.59,2.06,0.55,0.81,7.19,4.56,4.65,6923731.0,3286885.0,217.79,751873.0
2024-11-21,16.87,106.97,127.1,2674.9,70.39,4.43,4.75,4.34,2.61,2.34,-0.46,-0.8,70.1,74.23,1397.62,2480.63,1401.0,4.61,2.09,0.56,0.81,7.06,4.57,4.65,6923731.0,3286885.0,188.57,751873.0
2024-11-22,15.24,107.49,127.47,2712.2,71.68,4.41,4.75,4.37,2.61,2.34,-0.47,-0.6,71.24,75.17,1399.6,2501.24,1405.49,4.6,2.07,0.56,0.8,7.1,4.57,4.65,6923731.0,3286885.0,204.25,751873.0
2024-11-25,14.6,106.82,126.99,2618.5,69.41,4.27,4.75,4.21,2.64,2.29,-0.47,-0.6,68.94,73.01,1403.51,2534.34,1401.03,4.45,1.98,0.5,0.8,7.16,4.58,4.65,6923731.0,3286885.0,186.75,751873.0
2024-11-26,14.1,107.01,127.43,2621.3,69.05,4.3,4.75,4.21,2.68,2.28,-0.47,-0.6,68.77,72.81,1395.56,2520.36,1396.69,4.48,2.02,0.5,0.81,7.18,4.58,4.65,6923731.0,3286885.0,148.82,751873.0
2024-11-27,14.1,106.08,126.82,2639.9,69.03,4.25,4.75,4.19,2.69,2.26,-0.47,-0.6,68.72,72.83,1395.27,2503.06,1391.14,4.44,1.99,0.48,0.82,7.22,4.57,4.65,6905140.0,3227674.0,169.81,775250.0
2024-11-28,13.9,,,,,,4.75,,2.69,,-0.47,-0.6,,,1388.47,2504.67,,,,,0.82,7.22,,4.65,6905140.0,3227674.0,,775250.0
2024-11-29,13.51,105.74,126.58,2657.0,68.26,4.18,4.75,4.13,2.72,2.26,-0.47,-0.6,68.0,72.94,1393.3,2455.91,1396.99,4.36,1.92,0.45,0.82,7.26,4.59,4.65,6905140.0,3227674.0,197.63,775250.0
2024-11-30,,,,,,,4.75,,2.74,,-0.47,-0.6,,,,,,,,,0.83,7.35,,4.65,6905140.0,3227674.0,,775250.0
2024-12-02,13.34,106.45,127.13,2658.5,68.35,4.19,4.75,4.17,2.68,2.26,-0.47,-0.6,68.1,71.83,1399.86,2454.48,1406.13,4.36,1.93,0.45,0.81,7.32,4.64,4.65,6905140.0,3227674.0,135.86,775250.0
2024-12-03,13.3,106.37,126.96,2667.9,70.15,4.23,4.75,4.17,2.66,2.28,-0.47,-0.6,69.94,73.62,1401.06,2500.1,1427.83,4.4,1.95,0.46,0.8,7.32,4.64,4.65,6905140.0,3227674.0,161.57,775250.0
2024-12-04,13.45,106.34,126.76,2676.2,68.81,4.19,4.75,4.13,2.66,2.29,-0.47,-0.6,68.54,72.31,1411.67,2464.0,1412.16,4.35,1.9,0.45,0.8,7.31,4.59,4.65,6895827.0,3225075.0,162.87,789516.0
2024-12-05,13.54,105.71,126.43,2648.4,68.58,4.17,4.75,4.15,2.66,2.25,-0.47,-0.6,68.3,72.09,1410.8,2441.85,1415.88,4.33,1.92,0.45,0.81,7.27,4.59,4.65,6895827.0,3225075.0,131.96,789516.0
2024-12-06,12.77,105.97,126.69,2659.6,68.58,4.15,4.75,4.1,2.67,2.24,-0.48,-0.51,67.2,71.12,1399.99,2428.16,1422.4,4.34,1.91,0.44,0.81,7.3,4.6,4.65,6895827.0,3225075.0,130.01,789516.0
2024-12-09,14.19,106.15,126.6,2685.8,68.65,4.2,4.75,4.13,2.67,2.27,-0.48,-0.52,68.37,72.14,1424.22,2360.58,1430.05,4.39,1.93,0.45,0.81,7.24,4.63,4.65,6895827.0,3225075.0,153.03,789516.0
2024-12-10,14.18,106.4,126.96,2718.4,68.85,4.22,4.75,4.15,2.67,2.29,-0.48,-0.52,68.59,72.19,1426.6,2417.84,1432.6,4.41,1.93,0.47,0.8,7.21,4.64,4.65,6895827.0,3225075.0,174.84,789516.0
2024-12-11,13.58,106.71,126.85,2756.7,70.57,4.26,4.75,4.15,2.64,2.3,-0.48,-0.52,70.29,73.52,1433.95,2442.51,1428.5,4.48,1.96,0.49,0.78,7.15,4.62,4.65,6897485.0,3264559.0,180.12,775067.0
2024-12-12,13.92,106.96,126.96,2709.4,70.25,4.32,4.75,4.18,2.66,2.32,-0.48,-0.52,70.02,73.41,1429.15,2482.12,1429.47,4.55,2.0,0.53,0.79,7.14,4.62,4.65,6897485.0,3264559.0,165.03,775067.0
2024-12-13,13.81,107.0,127.31,2675.8,71.54,4.4,4.75,4.25,2.68,2.33,-0.48,-0.58,71.29,74.49,1427.86,2494.46,1434.82,4.61,2.07,0.57,0.78,7.16,4.6,4.65,6897485.0,3264559.0,135.78,775067.0
2024-12-16,14.69,106.86,127.27,2670.0,71.03,4.39,4.75,4.25,2.69,2.32,-0.48,-0.58,70.71,73.91,1434.45,2488.97,1437.86,4.6,2.07,0.58,0.78,7.16,4.65,4.65,6897485.0,3264559.0,110.75,775067.0
2024-12-17,15.87,106.96,127.5,2662.0,70.31,4.4,4.75,4.25,2.75,2.31,-0.48,-0.58,70.08,73.19,1431.35,2456.81,1436.16,4.59,2.09,0.59,0.79,7.2,4.62,4.65,6897485.0,3264559.0,118.09,775067.0
2024-12-18,27.62,108.03,127.64,2653.3,70.8,4.5,4.75,4.35,2.73,2.32,-0.48,-0.58,70.58,73.39,1436.42,2484.43,1438.13,4.65,2.18,0.64,0.79,7.16,4.57,4.65,6889332.0,3282229.0,131.65,767932.0
2024-12-19,24.09,108.41,128.64,2608.1,70.1,4.57,4.5,4.32,2.91,2.29,-0.48,-0.58,69.91,72.88,1451.5,2435.93,1446.06,4.74,2.28,0.68,0.82,7.36,4.3,4.4,6889332.0,3282229.0,112.42,767932.0
2024-12-20,18.36,107.62,127.89,2645.1,69.71,4.52,4.5,4.3,2.86,2.29,-0.48,-0.5,69.46,72.94,1437.45,2404.15,1444.52,4.72,2.23,0.67,0.82,7.3,4.3,4.4,6889332.0,3282229.0,98.36,767932.0
2024-12-23,16.78,108.04,128.3,2628.2,69.5,4.59,4.5,4.3,2.85,2.32,-0.48,-0.5,69.24,72.63,1445.42,2442.01,1451.76,4.78,2.27,0.69,0.82,7.32,4.31,4.4,6889332.0,3282229.0,116.0,767932.0
2024-12-24,14.27,108.26,128.34,2635.5,70.87,4.59,4.5,4.29,2.86,2.35,-0.48,-0.5,70.1,73.58,1442.7,2440.52,1457.36,4.76,2.24,0.7,,7.3,4.4,4.4,6889332.0,3282229.0,180.99,767932.0
2024-12-25,,,,,,,4.5,,,,-0.48,-0.5,,,1453.42,,,,,,,,,4.4,6885963.0,3247382.0,,764770.0
2024-12-26,14.73,108.13,128.33,2653.9,70.38,4.58,4.5,4.3,2.86,2.35,-0.48,-0.5,69.62,73.26,1457.61,2429.67,1467.66,4.76,2.23,0.7,0.81,7.29,4.53,4.4,6885963.0,3247382.0,196.82,764770.0
2024-12-27,15.95,108.0,128.45,2631.9,71.28,4.62,4.5,4.31,2.84,2.34,-0.48,-0.62,70.6,74.17,1466.99,2404.77,1470.4,4.82,2.28,0.71,0.81,7.3,4.46,4.4,6885963.0,3247382.0,268.74,764770.0
2024-12-30,17.4,108.13,128.82,2618.1,71.73,4.55,4.5,4.24,2.94,2.31,-0.48,-0.62,70.99,74.39,1472.8,2399.49,1472.32,4.77,2.24,0.69,0.82,7.4,4.37,4.4,6885963.0,3247382.0,260.74,764770.0
2024-12-31,17.35,108.49,129.28,2641.0,72.44,4.58,4.5,4.25,2.92,2.34,-0.48,-0.62,71.72,74.64,1467.39,,1477.86,4.78,2.24,0.69,0.82,7.46,4.49,4.4,6885963.0,3247382.0,473.46,764770.0
2025-01-01,,,,,,,4.5,,,,-0.48,-0.62,,,,,,,,,,,,4.4,6852491.0,3095997.0,,719873.0
2025-01-02,17.93,109.39,129.46,2669.0,73.79,4.57,4.5,4.25,2.88,2.34,-0.48,-0.62,73.13,75.93,1473.52,2398.94,1472.52,4.79,2.23,0.69,0.83,7.39,4.4,4.4,6852491.0,3095997.0,239.86,719873.0
2025-01-03,16.13,108.95,129.45,2654.7,74.64,4.6,4.5,4.28,2.81,2.34,-0.49,-0.61,73.96,76.51,1471.65,2441.92,1470.0,4.82,2.26,0.7,0.83,7.34,4.31,4.4,6852491.0,3095997.0,237.38,719873.0
2025-01-06,16.04,108.26,128.54,2647.4,74.31,4.62,4.5,4.28,2.76,2.34,-0.49,-0.61,73.56,76.3,1465.53,2488.64,1459.94,4.85,2.28,0.71,0.84,7.28,4.27,4.4,6852491.0,3095997.0,231.93,719873.0
2025-01-07,17.82,108.54,128.61,2665.4,74.99,4.67,4.5,4.3,2.79,2.38,-0.49,-0.61,74.25,77.05,1459.45,2492.1,1452.42,4.91,2.29,0.74,0.84,7.29,4.27,4.4,6852491.0,3095997.0,208.3,719873.0
2025-01-08,17.7,109.09,129.08,2672.4,73.99,4.67,4.5,4.28,2.84,2.4,-0.49,-0.61,73.32,76.16,1451.88,2521.05,1459.85,4.91,2.27,0.74,0.83,7.37,4.29,4.4,6853554.0,3254743.0,185.14,652636.0
2025-01-09,18.07,109.18,129.28,2690.8,,4.68,4.5,4.27,2.82,2.39,-0.49,-0.61,73.92,76.92,1457.97,2521.9,1459.23,4.92,2.29,0.75,0.83,7.34,4.3,4.4,6853554.0,3254743.0,168.22,652636.0
2025-01-10,19.54,109.65,129.87,2715.0,77.27,4.77,4.5,4.4,2.81,2.43,-0.49,-0.8,76.57,79.76,1455.23,2515.78,1473.36,4.96,2.34,0.8,0.83,7.32,4.3,4.4,6853554.0,3254743.0,178.8,652636.0
2025-01-13,19.19,109.96,130.04,2678.6,79.57,4.79,4.5,4.4,2.85,2.45,-0.49,-0.8,78.82,81.01,1472.25,2489.56,1466.87,4.97,2.34,0.81,0.84,7.38,4.29,4.4,6853554.0,3254743.0,183.67,652636.0
2025-01-14,18.71,109.27,129.38,2682.3,78.2,4.78,4.5,4.37,2.8,2.44,-0.49,-0.8,77.5,79.92,1458.89,2497.4,1459.5,4.98,2.34,0.81,0.84,7.26,4.28,4.4,6853554.0,3254743.0,160.22,652636.0
2025-01-15,16.12,109.09,129.21,2717.8,80.73,4.66,4.5,4.27,2.72,2.42,-0.49,-0.8,80.04,82.03,1460.44,2496.81,1456.5,4.88,2.24,0.76,0.83,7.14,4.28,4.4,6834070.0,3340816.0,119.98,641225.0
2025-01-16,16.6,108.96,129.44,2750.9,79.35,4.61,4.5,4.23,2.73,2.42,-0.49,-0.8,78.68,81.29,1437.22,2527.49,1456.16,4.84,2.19,0.72,0.83,7.16,4.29,4.4,6834070.0,3340816.0,94.49,641225.0
2025-01-17,15.97,109.35,129.49,2748.7,78.56,4.61,4.5,4.27,2.64,2.41,-0.5,-0.82,77.88,80.79,1453.32,2523.55,1457.04,4.84,2.2,0.72,0.82,7.07,4.29,4.4,6834070.0,3340816.0,118.33,641225.0
2025-01-20,15.81,,,,,,4.5,,2.64,,-0.5,-0.82,,,1457.38,2520.05,,,,,0.82,7.07,,4.4,6834070.0,3340816.0,,641225.0
2025-01-21,15.06,108.06,128.42,2759.2,76.79,4.57,4.5,4.29,2.61,2.38,-0.5,-0.82,75.89,79.29,1435.53,2518.03,1435.29,4.8,2.19,0.7,0.82,6.99,4.29,4.4,6834070.0,3340816.0,96.02,641225.0
2025-01-22,15.1,108.17,128.34,2770.9,76.12,4.6,4.5,4.29,2.59,2.4,-0.5,-0.82,75.44,79.0,1425.79,2547.06,1435.77,4.82,2.2,0.71,0.81,6.92,4.3,4.4,6831760.0,3332278.0,123.98,677282.0
2025-01-23,15.02,108.05,128.22,2765.0,75.03,4.65,4.5,4.29,2.61,2.42,-0.5,-0.82,74.62,78.29,1434.34,2515.49,1434.29,4.87,2.23,0.72,0.8,6.9,4.35,4.4,6831760.0,3332278.0,132.03,677282.0
2025-01-24,14.85,107.44,127.46,2778.9,74.97,4.63,4.5,4.27,2.6,2.43,-0.5,-0.96,74.66,78.5,1433.93,2536.8,1429.17,4.85,2.2,0.72,0.8,6.94,4.34,4.4,6831760.0,3332278.0,104.97,677282.0
2025-01-27,17.9,107.34,128.09,2738.4,73.51,4.53,4.5,4.17,2.66,2.4,-0.5,-0.96,73.17,77.08,1427.63,,1433.83,4.76,2.13,0.68,0.81,7.11,4.34,4.4,6831760.0,3332278.0,92.86,677282.0
2025-01-28,16.41,107.87,128.28,2767.5,74.15,4.55,4.5,4.19,2.66,2.42,-0.5,-0.96,73.77,77.49,1417.92,,1446.42,4.78,2.13,0.68,0.81,7.1,4.35,4.4,6831760.0,3332278.0,112.76,677282.0
2025-01-29,16.56,108.0,128.34,2769.8,72.94,4.55,4.5,4.21,2.68,2.4,-0.5,-0.96,72.62,76.58,1443.26,,1441.85,4.79,2.15,0.68,0.81,7.1,4.35,4.4,6818186.0,3224785.0,121.84,784206.0
2025-01-30,15.84,107.8,128.1,2823.0,73.1,4.52,4.5,4.18,2.67,2.38,-0.5,-0.96,72.73,76.87,1443.32,,1442.16,4.76,2.14,0.66,0.81,7.05,4.36,4.4,6818186.0,3224785.0,125.97,784206.0
2025-01-31,16.43,108.37,128.48,2812.5,72.84,4.58,4.5,4.22,2.68,2.42,-0.51,-0.75,72.53,76.76,1441.66,2517.37,1453.86,4.83,2.16,0.68,0.82,6.99,4.38,4.4,6818186.0,3224785.0,187.91,784206.0
2025-02-03,18.62,108.99,129.11,2857.1,73.52,4.54,4.5,4.26,2.73,2.45,-0.51,-0.75,73.16,75.96,1456.78,2453.95,1461.21,4.77,2.09,0.67,0.83,7.12,4.35,4.4,6818186.0,3224785.0,97.78,784206.0
2025-02-04,17.21,107.96,128.11,2875.8,73.04,4.52,4.5,4.21,2.71,2.44,-0.51,-0.75,72.7,76.2,1459.05,2481.69,1451.02,4.75,2.08,0.66,0.82,7.13,4.33,4.4,6818186.0,3224785.0,85.65,784206.0
2025-02-05,15.77,107.58,127.98,2893.0,71.39,4.43,4.5,4.17,2.69,2.42,-0.51,-0.75,71.03,74.61,1450.16,2509.27,1442.37,4.64,2.01,0.62,0.83,7.1,4.33,4.4,6810935.0,3177065.0,78.79,805593.0
2025-02-06,15.5,107.69,128.2,2876.7,70.97,4.45,4.5,4.21,2.66,2.42,-0.51,-0.75,70.61,74.29,1443.89,2536.75,1447.05,4.65,2.03,0.62,0.84,7.09,4.36,4.4,6810935.0,3177065.0,79.98,805593.0
2025-02-07,16.54,108.04,128.43,2887.6,71.32,4.49,4.5,4.29,2.67,2.42,-0.51,-0.77,71.0,74.66,1442.15,2521.92,1453.97,4.69,2.07,0.64,0.84,7.1,4.35,4.4,6810935.0,3177065.0,95.25,805593.0
2025-02-10,15.81,108.32,128.64,2934.4,72.73,4.51,4.5,4.28,2.66,2.44,-0.51,-0.77,72.32,75.87,1450.62,2521.27,1451.0,4.71,2.07,0.64,0.84,7.1,4.35,4.4,6810935.0,3177065.0,99.65,805593.0
2025-02-11,16.02,107.96,128.43,2932.6,73.67,4.54,4.5,4.29,2.66,2.46,-0.51,-0.77,73.32,77.0,1453.21,2539.05,1452.31,4.75,2.08,0.65,0.83,7.11,4.34,4.4,6810935.0,3177065.0,76.45,805593.0
2025-02-12,15.89,107.94,128.33,2928.7,71.72,4.62,4.5,4.36,2.65,2.46,-0.51,-0.77,71.37,75.18,1450.75,2548.39,1453.49,4.83,2.16,0.7,0.81,7.14,4.32,4.4,6813513.0,3220027.0,67.67,828102.0
2025-02-13,15.1,107.31,127.89,2945.4,71.66,4.52,4.5,4.31,2.65,2.44,-0.51,-0.77,71.29,75.02,1452.12,2583.17,1446.95,4.72,2.08,0.67,0.81,7.1,4.33,4.4,6813513.0,3220027.0,67.82,828102.0
2025-02-14,14.77,106.57,127.15,2900.7,71.05,4.47,4.5,4.26,2.62,2.43,-0.5,-0.83,70.74,74.74,1438.74,2591.05,1439.89,4.69,2.04,0.64,0.8,7.06,4.33,4.4,6813513.0,3220027.0,58.77,828102.0
2025-02-17,15.37,,,,,,4.5,,2.62,,-0.5,-0.82,,,1432.6,2610.42,,,,,0.8,7.06,,4.4,6813513.0,3220027.0,,828102.0
2025-02-18,15.35,107.05,127.29,2949.0,72.21,4.55,4.5,4.29,2.62,2.45,-0.5,-0.82,71.85,75.84,1441.29,2626.81,1438.83,4.77,2.1,0.66,0.79,7.21,4.37,4.4,6813513.0,3220027.0,77.82,828102.0
2025-02-19,15.27,107.17,127.73,2936.1,72.58,4.53,4.5,4.28,2.68,2.45,-0.5,-0.82,72.25,76.04,1440.08,2671.52,1441.06,4.76,2.08,0.66,0.79,7.25,4.35,4.4,6782332.0,3270082.0,73.2,790062.0
2025-02-20,15.66,106.34,127.11,2956.1,72.88,4.5,4.5,4.28,2.66,2.45,-0.5,-0.82,72.57,76.48,1439.98,2654.06,1434.71,4.74,2.05,0.65,0.8,7.19,4.33,4.4,6782332.0,3270082.0,63.21,790062.0
2025-02-21,18.21,106.61,127.14,2953.2,70.72,4.42,4.5,4.19,2.78,2.42,-0.49,-0.75,70.4,74.43,1431.7,2654.58,1434.06,4.67,2.0,0.62,0.81,7.34,4.34,4.4,6782332.0,3270082.0,68.98,790062.0
2025-02-24,18.98,106.6,127.19,2963.2,71.06,4.4,4.5,4.13,2.78,2.42,-0.49,-0.75,70.7,74.78,1434.29,2645.27,1429.77,4.66,1.98,0.6,0.81,7.31,4.34,4.4,6782332.0,3270082.0,76.82,790062.0
2025-02-25,19.43,106.31,127.38,2918.8,69.15,4.3,4.5,4.07,2.84,2.38,-0.49,-0.75,68.93,73.02,1428.65,2630.29,1433.79,4.55,1.92,0.56,0.84,7.42,4.33,4.4,6782332.0,3270082.0,96.0,790062.0
2025-02-26,19.1,106.42,127.28,2930.6,68.87,4.25,4.5,4.05,2.81,2.36,-0.49,-0.75,68.62,72.53,1429.5,2641.09,1433.2,4.51,1.89,0.52,0.84,7.32,4.33,4.4,6766101.0,3327249.0,126.06,681161.0
2025-02-27,21.13,107.24,127.97,2895.9,70.62,4.29,4.5,4.07,2.81,2.37,-0.49,-0.75,70.35,74.04,1434.42,2621.75,1447.35,4.56,1.92,0.53,0.85,7.32,4.36,4.4,6766101.0,3327249.0,182.15,681161.0
2025-02-28,19.63,107.61,128.28,2848.5,69.97,4.24,4.5,3.99,2.87,2.38,-0.48,-0.43,69.76,73.18,1449.86,2532.78,1459.04,4.51,1.86,0.51,0.88,7.6,4.39,4.4,6766101.0,3327249.0,234.42,681161.0
2025-03-03,22.78,106.75,127.75,2901.1,68.63,4.16,4.5,3.96,2.94,2.36,-0.48,-0.43,68.37,71.62,1459.8,,1456.49,4.45,1.8,0.48,0.89,7.69,4.33,4.4,6766101.0,3327249.0,119.99,681161.0
2025-03-04,23.51,105.74,128.0,2920.6,68.47,4.22,4.5,3.96,2.99,2.35,-0.48,-0.43,68.26,71.04,1457.93,2528.92,1458.46,4.53,1.87,0.49,0.89,7.84,4.33,4.4,6766101.0,3327249.0,135.26,681161.0
2025-03-05,21.93,105.74,126.5,2926.0,66.58,4.28,4.5,3.99,2.88,2.34,-0.48,-0.43,66.31,69.3,1452.85,2558.13,1445.21,4.57,1.94,0.52,0.87,7.74,4.34,4.4,6756764.0,3312625.0,139.49,548331.0
2025-03-06,24.87,104.06,126.11,2926.6,66.62,4.29,4.5,3.96,2.99,2.34,-0.48,-0.43,66.36,69.46,1443.03,2576.16,1447.34,4.58,1.95,0.53,0.88,7.9,4.35,4.4,6756764.0,3312625.0,129.27,548331.0
2025-03-07,23.37,103.84,125.98,2914.1,67.29,4.32,4.5,3.99,2.97,2.33,-0.46,-0.34,67.04,70.36,1446.5,2563.48,1449.3,4.62,1.99,0.54,0.89,7.91,4.34,4.4,6756764.0,3312625.0,136.31,548331.0
2025-03-10,27.86,103.91,126.27,2899.4,66.31,4.22,4.5,3.89,3.16,2.31,-0.46,-0.34,66.03,69.28,1446.26,2570.39,1456.74,4.54,1.91,0.51,0.91,8.26,4.33,4.4,6756764.0,3312625.0,129.05,548331.0
2025-03-11,26.92,103.44,126.05,2920.9,66.52,4.28,4.5,3.94,3.22,2.31,-0.46,-0.34,66.25,69.56,1457.03,2537.6,1453.07,4.59,1.97,0.52,0.94,8.4,4.32,4.4,6756764.0,3312625.0,137.31,548331.0
2025-03-12,24.23,103.61,125.87,2946.8,67.65,4.32,4.5,4.01,3.2,2.33,-0.46,-0.34,67.68,70.95,1451.02,2574.82,1451.7,4.63,1.99,0.54,0.96,8.41,4.31,4.4,6759571.0,3400235.0,131.06,512581.0
2025-03-13,24.66,103.83,126.0,2991.3,66.82,4.27,4.5,3.94,3.4,2.29,-0.46,-0.34,66.55,69.88,1448.75,2573.64,1455.76,4.59,1.98,0.53,0.97,8.72,4.3,4.4,6759571.0,3400235.0,113.44,512581.0
2025-03-14,21.77,103.72,125.69,3001.1,67.43,4.31,4.5,4.02,3.25,2.3,-0.44,-0.21,67.18,70.58,1453.23,2566.36,1451.76,4.62,2.01,0.54,0.94,8.56,4.3,4.4,6759571.0,3400235.0,126.23,512581.0
2025-03-17,20.51,103.37,125.37,3006.1,67.84,4.31,4.5,4.06,3.18,2.29,-0.44,-0.21,67.58,71.07,1449.05,2610.69,1444.71,4.6,2.02,0.55,0.93,8.46,4.32,4.4,6759571.0,3400235.0,89.5,512581.0
2025-03-18,21.7,103.24,125.49,3040.8,67.49,4.29,4.5,4.04,3.23,2.3,-0.44,-0.21,66.9,70.56,1442.49,2612.34,1451.28,4.58,1.99,0.54,0.93,8.58,4.31,4.4,6759571.0,3400235.0,149.5,512581.0
2025-03-19,19.9,103.43,125.8,3041.2,67.4,4.25,4.5,3.99,3.19,2.31,-0.44,-0.21,67.16,70.78,1448.94,2628.62,1462.15,4.56,1.94,0.52,0.91,8.56,4.29,4.4,6755982.0,3467789.0,193.38,435936.0
2025-03-20,19.8,103.85,125.98,3043.8,68.55,4.24,4.5,3.95,3.17,2.31,-0.44,-0.21,68.26,72.0,1443.39,2637.1,1467.77,4.55,1.93,0.51,0.91,8.53,4.29,4.4,6755982.0,3467789.0,192.64,435936.0
2025-03-21,19.28,104.09,126.27,3021.4,68.52,4.25,4.5,3.94,3.21,2.33,-0.42,-0.63,68.28,72.16,1465.82,2643.13,1466.49,4.59,1.92,0.51,0.92,8.6,4.3,4.4,6755982.0,3467789.0,200.85,435936.0
2025-03-24,17.48,104.26,126.2,3015.6,69.46,4.34,4.5,4.04,3.05,2.36,-0.42,-0.63,69.11,73.0,1464.78,2632.07,1466.91,4.66,1.98,0.54,0.9,8.37,4.31,4.4,6755982.0,3467789.0,196.56,435936.0
2025-03-25,17.15,104.18,126.05,3025.9,69.48,4.31,4.5,3.96,3.09,2.35,-0.42,-0.63,69.0,73.02,1466.27,2615.81,1465.32,4.65,1.96,0.54,0.9,8.38,4.33,4.4,6755982.0,3467789.0,214.79,435936.0
2025-03-26,18.33,104.55,126.24,3022.5,70.05,4.35,4.5,3.98,3.19,2.37,-0.42,-0.63,69.65,73.79,1462.09,2643.94,1467.25,4.69,1.98,0.55,0.91,8.5,4.35,4.4,6740253.0,3450933.0,241.37,360177.0
2025-03-27,18.69,104.07,126.36,3061.0,70.3,4.38,4.5,3.97,3.27,2.39,-0.42,-0.63,69.92,74.03,1465.68,2607.15,1463.9,4.73,1.99,0.56,0.91,8.6,4.36,4.4,6740253.0,3450933.0,291.79,360177.0
2025-03-28,21.65,104.04,126.42,3086.5,69.74,4.27,4.5,3.89,3.47,2.37,-0.41,-0.62,69.36,73.63,1461.89,2557.98,1469.2,4.64,1.9,0.52,0.94,8.88,4.34,4.4,6740253.0,3450933.0,286.57,360177.0
2025-03-31,22.28,104.21,126.71,3122.8,71.87,4.23,4.5,3.89,3.55,2.38,-0.41,-0.62,71.48,74.74,1471.96,2481.12,1474.44,4.59,1.85,0.5,0.97,9.28,4.41,4.4,6740253.0,3450933.0,399.17,360177.0
2025-04-01,21.77,104.26,126.43,3146.0,71.61,4.17,4.5,3.87,3.5,2.33,-0.41,-0.62,71.2,74.49,1469.97,2521.39,1471.0,4.52,1.84,0.47,0.98,9.25,4.39,4.4,6740253.0,3450933.0,230.06,360177.0
2025-04-02,21.51,103.81,126.38,3166.2,72.12,4.2,4.5,3.91,3.42,2.32,-0.41,-0.62,71.71,74.95,1466.04,2505.86,1462.06,4.54,1.88,0.48,0.96,9.25,4.37,4.4,6723452.0,3379339.0,233.49,313326.0
2025-04-03,30.02,102.07,124.73,3121.7,67.43,4.06,4.5,3.71,4.01,2.28,-0.41,-0.62,66.95,70.14,1450.68,2486.7,1450.55,4.49,1.78,0.41,1.06,10.18,4.39,4.4,6723452.0,3379339.0,196.26,313326.0
2025-04-04,45.31,103.02,125.81,3035.4,62.42,4.01,4.5,3.68,4.45,2.18,-0.39,0.12,61.99,65.58,,2465.42,1457.76,4.41,1.83,0.38,1.14,10.99,4.35,4.4,6723452.0,3379339.0,184.5,313326.0
2025-04-07,46.98,103.26,126.83,2973.6,61.05,4.15,4.5,3.73,4.61,2.19,-0.39,0.12,60.7,64.21,1469.95,2328.2,1470.22,4.58,1.96,0.43,1.2,11.37,4.33,4.4,6723452.0,3379339.0,148.15,313326.0
2025-04-08,52.33,102.96,126.87,2990.2,60.04,4.26,4.5,3.71,4.57,2.22,-0.39,0.12,59.58,62.82,1486.13,2334.23,1477.97,4.71,2.04,0.48,1.18,11.14,4.4,4.4,6723452.0,3379339.0,156.91,313326.0
2025-04-09,33.62,102.9,126.63,3079.4,62.63,4.34,4.5,3.91,4.37,2.27,-0.39,0.12,62.35,65.48,1443.95,2293.7,1472.75,4.72,2.07,0.54,1.21,10.9,4.42,4.4,6727416.0,3474682.0,168.12,306049.0
2025-04-10,40.72,100.87,125.09,3177.5,60.57,4.4,4.5,3.84,4.42,2.19,-0.39,0.12,60.07,63.33,1452.04,2445.06,1450.37,4.86,2.21,0.57,1.18,10.92,4.37,4.4,6727416.0,3474682.0,129.95,306049.0
2025-04-11,37.56,99.78,124.02,3244.6,61.91,4.48,4.5,3.96,4.26,2.2,-0.38,0.57,61.5,64.76,,2432.72,1418.79,4.85,2.28,0.62,1.18,10.76,4.33,4.4,6727416.0,3474682.0,98.53,306049.0
2025-04-14,30.89,99.64,123.66,3226.3,61.99,4.38,4.5,3.84,4.14,2.23,-0.38,0.58,61.53,64.88,1419.42,2455.89,1422.56,4.8,2.15,0.58,1.15,10.57,4.33,4.4,6727416.0,3474682.0,102.84,306049.0
2025-04-15,30.12,100.22,123.78,3240.4,61.74,4.35,4.5,3.84,4.09,2.19,-0.38,0.58,61.33,64.67,1427.02,2477.41,1427.16,4.79,2.16,0.56,1.14,10.5,4.36,4.4,6727416.0,3474682.0,88.88,306049.0
2025-04-16,32.64,99.38,123.27,3346.4,62.88,4.29,4.5,3.77,4.16,2.17,-0.38,0.58,62.47,65.85,1414.23,2447.43,1415.24,4.74,2.12,0.52,1.13,10.61,4.31,4.4,6727113.0,3452030.0,54.77,422983.0
2025-04-17,29.65,99.38,123.13,3328.4,65.07,4.34,4.5,3.81,4.02,2.23,-0.38,0.58,64.68,67.96,,2470.41,1416.1,4.8,2.11,0.53,1.11,10.39,4.32,4.4,6727113.0,3452030.0,58.6,422983.0
2025-04-18,,,122.99,,,,4.5,,,,-0.38,-0.19,,,,2483.42,1423.49,,,,,,,4.4,6727113.0,3452030.0,,422983.0
2025-04-21,33.82,98.28,122.31,3425.3,63.48,4.42,4.5,3.75,4.16,2.22,-0.38,-0.19,63.08,66.26,1421.64,2488.42,1420.52,4.91,2.2,0.56,1.12,10.58,4.32,4.4,6727113.0,3452030.0,114.11,422983.0
2025-04-22,30.57,98.92,122.42,3419.4,64.6,4.41,4.5,3.76,3.99,2.27,-0.38,-0.19,64.31,67.44,1429.22,2486.64,1425.0,4.88,2.14,0.57,1.11,10.35,4.3,4.4,6727113.0,3452030.0,137.95,422983.0
2025-04-23,28.45,99.84,123.03,3294.1,62.64,4.4,4.5,3.81,3.75,2.29,-0.38,-0.19,62.27,66.12,1426.45,2525.56,1425.88,4.83,2.11,0.57,1.08,9.87,4.28,4.4,6726930.0,3256734.0,171.78,606632.0
2025-04-24,26.47,99.29,122.93,3348.6,63.55,4.32,4.5,3.77,3.73,2.3,-0.38,-0.19,62.79,66.55,1430.06,2522.33,1432.97,4.77,2.02,0.54,1.06,9.85,4.29,4.4,6726930.0,3256734.0,130.0,606632.0
2025-04-25,24.84,99.47,122.89,3298.4,63.85,4.29,4.5,3.74,3.67,2.27,-0.39,-0.25,63.02,66.87,,2546.3,1440.72,4.74,2.02,0.51,1.04,9.75,4.33,4.4,6726930.0,3256734.0,94.02,606632.0
2025-04-28,25.15,99.01,122.72,3347.7,63.3,4.23,4.5,3.67,3.73,2.25,-0.39,-0.26,62.05,65.86,1435.88,2548.86,1436.31,4.69,1.98,0.48,1.04,9.79,4.36,4.4,6726930.0,3256734.0,148.65,606632.0
2025-04-29,24.17,99.24,122.59,3333.6,61.84,4.19,4.5,3.65,3.74,2.23,-0.39,-0.26,60.42,64.25,1431.16,2565.42,1432.01,4.64,1.96,0.45,1.06,9.76,4.36,4.4,6726930.0,3256734.0,157.54,606632.0
2025-04-30,24.7,99.47,122.59,3319.1,59.55,4.17,4.5,3.6,3.94,2.23,-0.39,-0.26,58.21,63.12,1423.75,2556.61,1425.68,4.66,1.94,0.43,1.09,10.0,4.41,4.4,6709277.0,3219214.0,250.6,595741.0
2025-05-01,24.6,100.25,123.14,3222.2,60.59,4.25,4.5,3.7,3.78,2.25,-0.39,-0.26,59.24,62.13,1435.1,,1437.58,4.74,2.0,0.47,1.09,9.76,4.39,4.4,6709277.0,3219214.0,157.35,595741.0
2025-05-02,22.68,100.0,122.5,3243.3,59.67,4.33,4.5,3.83,3.6,2.27,-0.4,-0.32,58.29,61.29,,2559.79,1398.89,4.79,2.06,0.51,1.06,9.56,4.36,4.4,6709277.0,3219214.0,147.88,595741.0
2025-05-05,23.64,99.83,122.26,3322.3,58.5,4.36,4.5,3.83,3.6,2.28,-0.4,-0.32,57.13,60.23,1374.37,,1375.11,4.83,2.08,0.53,1.05,9.5,4.33,4.4,6709277.0,3219214.0,124.69,595741.0
2025-05-06,24.76,99.24,122.04,3422.8,60.42,4.3,4.5,3.78,3.66,2.26,-0.4,-0.32,59.09,62.15,1374.77,,1377.15,4.81,2.04,0.52,1.05,9.56,4.32,4.4,6709277.0,3219214.0,129.86,595741.0
2025-05-07,23.55,99.61,122.12,3391.9,59.42,4.26,4.5,3.78,3.67,2.25,-0.4,-0.32,58.07,61.12,1397.29,2573.8,1391.86,4.77,2.01,0.5,1.05,9.6,4.3,4.4,6710889.0,3218636.0,154.86,583727.0
2025-05-08,22.48,100.64,122.76,3306.0,61.25,4.37,4.5,3.9,3.51,2.29,-0.4,-0.32,59.91,62.84,1403.85,2579.48,1403.61,4.83,2.08,0.54,1.02,9.34,4.29,4.4,6710889.0,3218636.0,139.77,583727.0
2025-05-09,21.9,100.34,122.52,3344.0,62.37,4.37,4.5,3.88,3.53,2.29,-0.42,-0.47,61.02,63.91,,2577.27,1398.51,4.83,2.08,0.55,1.02,9.33,4.28,4.4,6710889.0,3218636.0,142.27,583727.0
2025-05-12,18.39,101.79,123.49,3228.0,63.32,4.45,4.5,3.98,3.15,2.29,-0.42,-0.47,61.95,64.96,1416.03,2607.33,1417.77,4.89,2.16,0.58,0.97,8.79,4.28,4.4,6710889.0,3218636.0,147.5,583727.0
2025-05-13,18.22,101.0,122.96,3247.8,65.04,4.49,4.5,4.02,3.09,2.32,-0.42,-0.47,63.67,66.63,1416.0,2608.42,1418.65,4.94,2.17,0.6,0.94,8.74,4.3,4.4,6710889.0,3218636.0,144.21,583727.0
2025-05-14,18.62,101.04,122.67,3188.3,64.48,4.53,4.5,4.05,3.1,2.37,-0.42,-0.47,63.15,66.09,1407.33,2640.57,1398.83,4.97,2.16,0.62,0.93,8.65,4.29,4.4,6713270.0,3235723.0,165.02,575846.0
2025-05-15,17.83,100.88,122.82,3226.6,63.03,4.45,4.5,3.96,3.2,2.34,-0.42,-0.47,61.62,64.53,1397.02,2621.36,1397.65,4.91,2.11,0.59,0.94,8.79,4.31,4.4,6713270.0,3235723.0,109.44,575846.0
2025-05-16,17.24,101.09,123.07,3187.2,63.84,4.43,4.5,3.98,3.16,2.34,-0.44,-0.9,62.49,65.41,,2626.87,1401.19,4.89,2.09,0.58,0.93,8.79,4.3,4.4,6713270.0,3235723.0,136.8,575846.0
2025-05-19,18.14,100.43,122.42,3233.5,63.98,4.46,4.5,3.97,3.21,2.36,-0.44,-0.89,62.69,65.54,1388.55,2603.42,1388.48,4.92,2.1,0.58,0.92,8.86,4.29,4.4,6713270.0,3235723.0,180.42,575846.0
2025-05-20,18.09,100.12,122.32,3284.6,63.97,4.48,4.5,3.97,3.2,2.35,-0.44,-0.89,62.56,65.38,1392.73,2601.8,1393.36,4.96,2.13,0.59,0.9,8.84,4.27,4.4,6713270.0,3235723.0,136.03,575846.0
2025-05-21,20.87,99.56,121.75,3313.5,62.93,4.58,4.5,4.0,3.25,2.35,-0.44,-0.89,61.57,64.91,1373.86,2625.58,1371.64,5.08,2.23,0.63,0.91,8.92,4.26,4.4,6688726.0,3289469.0,162.8,503055.0
2025-05-22,20.28,99.96,122.04,3295.0,62.55,4.54,4.5,4.0,3.32,2.34,-0.44,-0.89,61.2,64.44,1381.34,2593.67,1381.55,5.05,2.2,0.63,0.92,9.02,4.26,4.4,6688726.0,3289469.0,173.02,503055.0
2025-05-23,22.29,99.11,121.38,3365.8,62.89,4.51,4.5,4.0,3.4,2.33,-0.45,-0.5,61.53,64.78,,2592.09,1365.03,5.04,2.18,0.62,0.93,9.14,4.26,4.4,6688726.0,3289469.0,154.84,503055.0
2025-05-26,20.57,98.93,,,,,4.5,,3.4,,-0.45,-0.49,,,1368.1,2644.4,,,,,0.93,9.14,,4.4,6688726.0,3289469.0,,503055.0
2025-05-27,18.96,99.52,121.61,3300.4,61.61,4.43,4.5,3.92,3.24,2.32,-0.45,-0.49,60.89,64.09,1374.8,2637.22,1375.85,4.94,2.11,0.58,0.91,8.92,4.31,4.4,6688726.0,3289469.0,138.07,503055.0
2025-05-28,19.31,99.88,121.99,3294.9,62.54,4.47,4.5,3.96,3.23,2.32,-0.45,-0.49,61.84,64.9,1373.6,2670.15,1374.6,4.97,2.15,0.59,0.9,8.84,4.33,4.4,6673244.0,3270661.0,173.64,467204.0
2025-05-29,19.18,99.28,121.56,3317.1,61.66,4.43,4.5,3.92,3.22,2.32,-0.45,-0.49,60.94,64.15,1370.41,2720.64,1371.75,4.92,2.11,0.57,0.9,8.84,4.33,4.4,6673244.0,3270661.0,165.66,467204.0
2025-05-30,18.57,99.33,121.77,3288.9,61.46,4.41,4.5,3.89,3.31,2.34,-0.47,-0.52,60.79,63.9,,2697.67,1381.13,4.92,2.07,0.55,0.91,8.96,4.35,4.4,6673244.0,3270661.0,315.66,467204.0
2025-05-31,,,,,,,4.5,,3.32,,-0.46,-0.52,,,,,,,,,0.92,9.13,,4.4,6673244.0,3270661.0,,467204.0
2025-06-02,18.36,98.7,121.19,3397.2,63.27,4.46,4.5,3.94,3.27,2.33,-0.46,-0.52,62.52,64.63,1376.07,2698.97,1376.42,4.99,2.13,0.57,0.91,9.22,4.35,4.4,6673244.0,3270661.0,135.84,467204.0
2025-06-03,17.69,99.25,121.46,3377.1,64.1,4.46,4.5,3.96,3.19,2.32,-0.46,-0.52,63.41,65.63,1377.72,,1378.45,4.98,2.14,0.57,0.89,9.16,4.32,4.4,6673244.0,3270661.0,153.18,467204.0
2025-06-04,17.61,98.79,121.05,3399.2,63.57,4.37,4.5,3.87,3.23,2.31,-0.46,-0.52,62.85,64.86,1361.09,2770.84,1364.16,4.89,2.06,0.54,0.89,9.3,4.28,4.4,6672885.0,3294381.0,168.88,378947.0
2025-06-05,18.48,98.74,120.96,3375.1,64.06,4.4,4.5,3.92,3.18,2.29,-0.46,-0.52,63.37,65.34,1354.55,2812.05,1355.97,4.88,2.11,0.55,0.89,9.29,4.29,4.4,6672885.0,3294381.0,152.73,378947.0
2025-06-06,16.77,99.19,121.16,3346.6,65.3,4.51,4.5,4.04,3.09,2.31,-0.47,-0.8,64.58,66.47,,,1360.28,4.97,2.2,0.6,0.87,9.15,4.29,4.4,6672885.0,3294381.0,149.28,378947.0
2025-06-09,17.16,98.94,120.91,3354.9,65.99,4.49,4.5,4.01,3.12,2.31,-0.47,-0.8,65.29,67.04,1353.85,2855.77,1354.99,4.95,2.18,0.6,0.87,9.23,4.29,4.4,6672885.0,3294381.0,179.31,378947.0
2025-06-10,16.95,99.05,121.05,3343.4,65.66,4.47,4.5,4.01,3.12,2.29,-0.47,-0.8,64.98,66.87,1363.88,2871.85,1367.55,4.93,2.18,0.59,0.87,9.3,4.28,4.4,6672885.0,3294381.0,182.72,378947.0
2025-06-11,17.26,98.63,120.59,3343.7,68.91,4.41,4.5,3.94,3.12,2.27,-0.47,-0.8,68.15,69.77,1365.69,2907.04,1368.29,4.91,2.14,0.56,0.87,9.26,4.28,4.4,6677155.0,3407108.0,204.62,332907.0
2025-06-12,18.02,97.92,120.17,3402.4,68.73,4.36,4.5,3.9,3.17,2.25,-0.47,-0.8,68.04,69.36,1349.79,2920.03,1356.47,4.84,2.11,0.53,0.88,9.23,4.28,4.4,6677155.0,3407108.0,181.42,332907.0
2025-06-13,20.82,98.18,120.32,3452.8,73.84,4.41,4.5,3.96,3.18,2.28,-0.48,-0.77,72.98,74.23,,2894.62,1364.93,4.9,2.13,0.55,0.88,9.27,4.28,4.4,6677155.0,3407108.0,168.65,332907.0
2025-06-16,19.11,98.0,120.16,3417.3,72.53,4.46,4.5,3.97,3.1,2.3,-0.48,-0.77,71.77,73.23,1357.78,2946.66,1357.55,4.96,2.16,0.57,0.87,9.04,4.32,4.4,6677155.0,3407108.0,140.76,332907.0
2025-06-17,21.6,98.82,120.5,3406.9,75.62,4.39,4.5,3.94,3.17,2.31,-0.48,-0.77,74.84,76.45,1380.5,2950.3,1370.29,4.88,2.08,0.55,0.88,9.11,4.31,4.4,6677155.0,3407108.0,168.94,332907.0
2025-06-18,20.14,98.91,120.73,3408.1,75.89,4.38,4.5,3.94,3.16,2.31,-0.48,-0.77,75.14,76.7,1370.75,2972.19,1372.11,4.88,2.07,0.54,0.88,9.14,4.28,4.4,6681056.0,3406366.0,205.05,337762.0
2025-06-19,22.17,,,,,,4.5,,3.16,,-0.48,-0.77,,,1374.89,2977.74,,,,,0.88,9.14,,4.4,6681056.0,3406366.0,,337762.0
2025-06-20,20.62,98.71,121.04,3385.7,75.72,4.38,4.5,3.9,3.13,2.33,-0.49,-0.64,74.93,77.01,,3021.84,1372.45,4.89,2.05,0.54,0.88,9.14,4.29,4.4,6681056.0,3406366.0,138.28,337762.0
2025-06-23,19.83,98.42,121.17,3395.0,69.36,4.34,4.5,3.84,3.12,2.3,-0.49,-0.64,68.51,71.48,1361.94,3014.47,1382.61,4.87,2.04,0.52,0.89,9.05,4.29,4.4,6681056.0,3406366.0,165.32,337762.0
2025-06-24,17.48,97.86,120.36,3333.9,65.45,4.3,4.5,3.75,3.06,2.29,-0.49,-0.64,64.37,67.14,1353.78,3103.64,1359.0,4.83,2.01,0.5,0.88,8.95,4.3,4.4,6681056.0,3406366.0,187.37,337762.0
2025-06-25,16.76,97.68,120.33,3343.1,65.98,4.29,4.5,3.74,3.04,2.28,-0.49,-0.64,64.92,67.68,1357.03,3108.25,1362.17,4.83,2.01,0.49,0.88,8.92,4.36,4.4,6662200.0,3369328.0,210.88,364375.0
2025-06-26,16.59,97.15,119.65,3348.0,66.44,4.26,4.5,3.7,3.04,2.28,-0.49,-0.64,65.24,67.73,1352.76,3079.56,1355.64,4.81,1.98,0.47,0.89,8.95,4.4,4.4,6662200.0,3369328.0,252.43,364375.0
2025-06-27,16.32,97.4,119.66,3287.6,66.66,4.29,4.5,3.73,3.02,2.29,-0.49,-0.68,65.52,67.77,,3055.94,1360.72,4.85,2.0,0.48,0.88,8.88,4.39,4.4,6662200.0,3369328.0,285.74,364375.0
2025-06-30,16.73,96.88,119.41,3307.7,66.3,4.24,4.5,3.72,2.96,2.29,-0.5,-0.69,65.11,67.61,1348.5,3071.7,1353.5,4.78,1.95,0.46,0.86,8.86,4.45,4.4,6662200.0,3369328.0,460.73,364375.0
2025-07-01,16.83,96.82,119.34,3349.8,66.64,4.26,4.5,3.78,2.91,2.29,-0.5,-0.69,65.45,67.11,1355.59,3089.65,1358.06,4.78,1.97,0.47,0.84,8.76,4.44,4.4,6662200.0,3369328.0,245.53,364375.0
2025-07-02,16.64,96.78,119.3,3359.7,68.66,4.3,4.5,3.78,2.88,2.3,-0.5,-0.69,67.45,69.11,1354.75,3075.06,1356.9,4.82,2.0,0.48,0.83,8.71,4.4,4.4,6659598.0,3225980.0,237.31,359516.0
2025-07-03,16.38,97.18,119.24,3342.9,68.13,4.35,4.5,3.88,2.8,2.33,-0.5,-0.69,67.0,68.8,1357.1,3116.27,1364.65,4.86,2.02,0.51,0.8,8.61,4.35,4.4,6659598.0,3225980.0,214.66,359516.0
2025-07-04,17.48,,,3346.5,,,4.5,,2.8,,-0.5,-0.87,66.5,68.29,,3054.28,,,,,0.8,8.61,,4.4,6659598.0,3225980.0,,359516.0
2025-07-07,17.79,97.48,119.62,3342.8,69.16,4.4,4.5,3.9,2.86,2.35,-0.5,-0.87,67.93,69.58,1374.64,3059.47,1369.6,4.92,2.05,0.53,0.81,8.59,4.33,4.4,6659598.0,3225980.0,218.03,359516.0
2025-07-08,16.81,97.51,119.84,3316.9,69.55,4.42,4.5,3.9,2.92,2.35,-0.5,-0.87,68.33,70.15,1370.3,3114.95,1372.74,4.94,2.07,0.54,0.82,8.6,4.34,4.4,6659598.0,3225980.0,219.41,359516.0
2025-07-09,15.94,97.47,119.73,3321.0,69.61,4.34,4.5,3.86,2.94,2.33,-0.5,-0.87,68.38,70.19,1373.0,3133.74,1375.04,4.87,2.01,0.52,0.83,8.57,4.32,4.4,6661912.0,3330249.0,227.27,319889.0
2025-07-10,15.78,97.65,119.83,3325.7,67.78,4.35,4.5,3.86,2.92,2.34,-0.5,-0.87,66.57,68.64,1372.64,3183.23,1373.37,4.86,2.01,0.52,0.83,8.53,4.31,4.4,6661912.0,3330249.0,183.34,319889.0
2025-07-11,16.4,97.85,119.92,3364.0,69.63,4.43,4.5,3.9,2.97,2.37,-0.51,-0.75,68.45,70.36,,3175.77,1375.37,4.96,2.06,0.55,0.83,8.57,4.31,4.4,6661912.0,3330249.0,181.64,319889.0
2025-07-14,17.2,98.08,120.22,3359.1,68.19,4.43,4.5,3.9,2.95,2.39,-0.51,-0.75,66.98,69.21,1382.01,3202.03,1382.51,4.97,2.04,0.55,0.82,8.54,4.33,4.4,6661912.0,3330249.0,217.84,319889.0
2025-07-15,17.38,98.62,120.51,3336.7,67.76,4.5,4.5,3.95,2.95,2.41,-0.51,-0.75,66.52,68.71,1386.45,3215.28,1385.39,5.01,2.09,0.58,0.81,8.51,4.37,4.4,6661912.0,3330249.0,198.28,319889.0
2025-07-16,17.16,98.39,120.42,3359.1,67.13,4.46,4.5,3.88,3.0,2.41,-0.51,-0.75,66.38,68.52,1384.92,3186.38,1390.84,5.01,2.05,0.57,0.81,8.57,4.34,4.4,6659273.0,3398822.0,197.09,296247.0
2025-07-17,16.52,98.73,120.64,3345.3,68.76,4.47,4.5,3.91,2.91,2.43,-0.51,-0.75,67.54,69.52,1391.58,3192.29,1391.04,5.01,2.04,0.57,0.8,8.52,4.34,4.4,6659273.0,3398822.0,193.66,296247.0
2025-07-18,16.41,98.48,120.36,3358.3,68.53,4.44,4.5,3.88,2.93,2.41,-0.51,-0.72,67.34,69.28,,3188.07,1390.29,5.0,2.03,0.56,0.8,8.54,4.3,4.4,6659273.0,3398822.0,199.3,296247.0
2025-07-21,16.65,97.85,120.0,3406.4,68.39,4.38,4.5,3.85,2.89,2.4,-0.51,-0.71,67.2,69.21,1381.82,3210.81,1381.22,4.94,1.98,0.54,0.8,8.44,4.28,4.4,6659273.0,3398822.0,213.67,296247.0
2025-07-22,16.5,97.39,119.68,3443.7,67.56,4.35,4.5,3.83,2.9,2.39,-0.51,-0.71,66.21,68.59,1379.78,3169.94,1381.58,4.9,1.96,0.51,0.81,8.42,4.28,4.4,6659273.0,3398822.0,196.37,296247.0
2025-07-23,15.37,97.21,119.57,3397.6,66.05,4.4,4.5,3.88,2.83,2.37,-0.51,-0.71,65.25,68.51,1373.72,3183.77,1375.38,4.95,2.03,0.53,0.79,8.34,4.28,4.4,6657715.0,3362277.0,189.63,323176.0
2025-07-24,15.39,97.38,119.57,3373.5,67.16,4.43,4.5,3.91,2.82,2.45,-0.51,-0.71,66.03,69.18,1372.0,3190.45,1371.0,4.96,1.98,0.54,0.79,8.31,4.3,4.4,6657715.0,3362277.0,132.19,323176.0
2025-07-25,14.93,97.65,119.99,3335.6,66.38,4.4,4.5,3.91,2.84,2.44,-0.52,-0.79,65.16,68.44,,3196.05,1382.92,4.92,1.96,0.54,0.78,8.34,4.36,4.4,6657715.0,3362277.0,150.51,323176.0
2025-07-28,15.03,98.66,120.61,3310.0,67.81,4.42,4.5,3.91,2.82,2.44,-0.52,-0.79,66.71,70.04,1388.29,3209.52,1388.21,4.96,1.98,0.54,0.78,8.27,4.36,4.4,6657715.0,3362277.0,170.46,323176.0
2025-07-29,15.98,98.91,120.97,3324.0,70.27,4.34,4.5,3.86,2.86,2.43,-0.52,-0.79,69.21,72.51,1388.86,3230.57,1390.63,4.86,1.91,0.52,0.79,8.35,4.36,4.4,6657715.0,3362277.0,171.02,323176.0
2025-07-30,15.48,99.94,121.4,3295.8,71.09,4.38,4.5,3.94,2.89,2.42,-0.52,-0.79,70.0,73.24,1392.52,3254.47,1391.58,4.89,1.96,0.53,0.78,8.39,4.32,4.4,6642578.0,3347414.0,155.48,370507.0
2025-07-31,16.72,100.03,121.72,3293.2,70.36,4.37,4.5,3.94,2.86,2.39,-0.52,-0.79,69.26,72.53,1391.51,3245.44,1396.19,4.89,1.98,0.53,0.79,8.24,4.39,4.4,6642578.0,3347414.0,214.44,370507.0
2025-08-01,20.38,98.69,121.21,3399.8,68.39,4.23,4.5,3.69,3.13,2.33,-0.52,-0.67,67.33,69.67,,3119.41,1388.34,4.81,1.9,0.46,0.82,8.67,4.34,4.4,6642578.0,3347414.0,97.43,370507.0
2025-08-04,17.52,98.78,120.99,3426.4,67.33,4.22,4.5,3.69,3.02,2.37,-0.52,-0.67,66.29,68.76,1383.59,3147.75,1385.71,4.8,1.85,0.45,0.82,8.47,4.33,4.4,6642578.0,3347414.0,125.73,370507.0
2025-08-05,17.85,98.78,120.91,3434.7,66.2,4.22,4.5,3.72,2.98,2.36,-0.52,-0.67,65.16,67.64,1386.58,3198.0,1386.64,4.78,1.86,0.45,0.82,8.44,4.34,4.4,6642578.0,3347414.0,84.36,370507.0
2025-08-06,16.77,98.18,120.51,3433.4,65.38,4.22,4.5,3.69,2.98,2.34,-0.52,-0.67,64.35,66.89,1384.39,3198.14,1384.64,4.81,1.88,0.46,0.81,8.39,4.34,4.4,6640843.0,3332492.0,91.97,421043.0
2025-08-07,16.57,98.4,120.5,3453.7,64.9,4.23,4.5,3.72,2.95,2.35,-0.52,-0.67,63.88,66.43,1384.97,3227.68,1386.05,4.81,1.88,0.47,0.8,8.35,4.35,4.4,6640843.0,3332492.0,77.96,421043.0
2025-08-08,15.15,98.18,120.33,3491.3,64.94,4.27,4.5,3.76,2.94,2.39,-0.52,-0.56,63.88,66.59,,3210.01,1389.7,4.85,1.88,0.49,0.8,8.29,4.35,4.4,6640843.0,3332492.0,80.3,421043.0
2025-08-11,16.25,98.52,120.69,3404.7,65.03,4.27,4.5,3.76,2.94,2.4,-0.52,-0.56,63.96,66.63,1389.79,3206.77,1392.74,4.84,1.87,0.49,0.8,8.35,4.34,4.4,6640843.0,3332492.0,82.21,421043.0
2025-08-12,14.73,98.1,120.27,3399.0,64.22,4.29,4.5,3.72,2.93,2.38,-0.52,-0.56,63.17,66.12,1383.09,3189.91,1385.4,4.88,1.91,0.5,0.79,8.27,4.36,4.4,6640843.0,3332492.0,57.49,421043.0
2025-08-13,14.49,97.84,120.13,3408.3,63.68,4.24,4.5,3.67,2.9,2.37,-0.52,-0.56,62.65,65.63,1378.78,3224.37,1378.9,4.83,1.87,0.48,0.78,8.16,4.33,4.4,6643615.0,3320050.0,57.2,504304.0
2025-08-14,14.83,98.25,120.64,3383.2,64.99,4.29,4.5,3.74,2.89,2.39,-0.52,-0.56,63.96,66.84,1387.87,3225.66,1390.59,4.88,1.9,0.5,0.77,8.11,4.34,4.4,6643615.0,3320050.0,28.82,504304.0
2025-08-15,15.09,97.85,120.34,3382.6,63.78,4.33,4.5,3.75,2.88,2.38,-0.52,-0.82,62.8,65.85,,,1387.87,4.92,1.95,0.52,0.75,8.12,4.36,4.4,6643615.0,3320050.0,33.76,504304.0
2025-08-18,14.99,98.17,120.56,3378.0,64.51,4.34,4.5,3.77,2.88,2.38,-0.52,-0.82,63.42,66.6,1386.91,3177.28,1387.34,4.94,1.96,0.53,0.75,8.16,4.34,4.4,6643615.0,3320050.0,38.24,504304.0
2025-08-19,15.57,98.27,120.72,3358.7,63.38,4.3,4.5,3.75,2.9,2.35,-0.52,-0.82,62.35,65.79,1391.34,3151.56,1392.04,4.9,1.95,0.52,0.76,8.17,4.33,4.4,6643615.0,3320050.0,22.34,504304.0
2025-08-20,15.69,98.22,120.78,3388.5,64.19,4.29,4.5,3.74,2.94,2.35,-0.52,-0.82,63.21,66.84,1396.91,3130.09,1397.7,4.89,1.94,0.51,0.77,8.24,4.31,4.4,6618415.0,3317292.0,35.0,519534.0
2025-08-21,16.6,98.62,121.08,3381.6,64.56,4.33,4.5,3.79,2.95,2.39,-0.52,-0.82,63.52,67.67,1399.61,3141.74,1401.88,4.92,1.94,0.52,0.77,8.26,4.32,4.4,6618415.0,3317292.0,25.36,519534.0
2025-08-22,14.22,97.72,120.28,3418.5,64.08,4.26,4.5,3.68,2.88,2.41,-0.53,-0.75,63.66,67.73,,3168.73,1381.71,4.88,1.85,0.49,0.77,8.17,4.36,4.4,6618415.0,3317292.0,36.27,519534.0
2025-08-25,14.79,98.43,120.42,3417.5,65.18,4.28,4.5,3.73,2.8,2.41,-0.52,-0.75,64.8,68.8,1389.05,3209.86,1389.06,4.89,1.87,0.5,0.76,8.09,4.37,4.4,6618415.0,3317292.0,47.57,519534.0
2025-08-26,14.62,98.23,120.53,3433.0,63.6,4.26,4.5,3.61,2.78,2.42,-0.52,-0.75,63.25,67.22,1393.95,3179.36,1393.52,4.9,1.84,0.49,0.78,7.89,4.38,4.4,6618415.0,3317292.0,28.57,519534.0
2025-08-27,14.85,98.23,120.73,3448.6,64.49,4.24,4.5,3.59,2.78,2.43,-0.52,-0.75,64.15,68.05,1392.75,3187.16,1394.54,4.91,1.81,0.48,0.78,7.85,4.36,4.4,6603384.0,3224967.0,34.74,589998.0
2025-08-28,14.43,97.81,120.26,3474.3,64.96,4.22,4.5,3.62,2.75,2.41,-0.52,-0.75,64.6,68.62,1384.41,3196.32,1384.85,4.88,1.81,0.47,0.79,7.83,4.34,4.4,6603384.0,3224967.0,31.97,589998.0
2025-08-29,15.36,97.77,120.21,3516.1,64.36,4.23,4.5,3.59,2.82,2.41,-0.53,-0.6,64.01,68.12,,3186.01,1389.76,4.92,1.82,0.47,0.8,7.88,4.34,4.4,6603384.0,3224967.0,77.9,589998.0
2025-08-31,,,,,,,4.5,,2.84,,-0.53,-0.6,,,1388.84,,,,,,0.81,7.98,,4.4,6603384.0,3224967.0,,589998.0
2025-09-01,16.12,,,,,,4.5,,2.84,,-0.53,-0.6,,,1392.94,3142.93,,,,,0.81,7.98,,4.4,6603384.0,3224967.0,,589998.0
2025-09-02,17.17,98.4,120.68,3592.2,65.95,4.28,4.5,3.66,2.92,2.41,-0.53,-0.6,65.59,69.14,1394.57,3172.35,1394.76,4.97,1.87,0.49,0.82,8.14,4.39,4.4,6603384.0,3224967.0,21.07,589998.0
2025-09-03,16.35,98.14,120.51,3635.5,64.36,4.22,4.5,3.61,2.88,2.4,-0.53,-0.6,63.97,67.6,1389.63,3184.42,1389.21,4.9,1.82,0.48,0.81,8.06,4.39,4.4,6602071.0,3181701.0,17.92,597513.0
2025-09-04,15.3,98.35,120.76,3606.7,63.81,4.17,4.5,3.59,2.84,2.38,-0.53,-0.6,63.48,66.99,1392.06,3200.83,1394.8,4.86,1.79,0.46,0.79,8.05,4.41,4.4,6602071.0,3181701.0,20.13,597513.0
2025-09-05,15.18,97.77,120.13,3653.3,62.22,4.1,4.5,3.51,2.83,2.37,-0.53,-0.41,61.87,65.5,,3205.12,1385.28,4.78,1.73,0.44,0.79,8.03,4.42,4.4,6602071.0,3181701.0,21.0,597513.0
2025-09-08,15.11,97.45,120.1,3677.4,62.6,4.05,4.5,3.49,2.84,2.35,-0.53,-0.42,62.26,66.02,1385.72,3219.59,1386.29,4.69,1.7,0.42,0.8,8.01,4.4,4.4,6602071.0,3181701.0,19.42,597513.0
2025-09-09,15.04,97.79,120.16,3682.2,62.97,4.08,4.5,3.54,2.87,2.36,-0.53,-0.42,62.63,66.39,1387.25,3260.05,1388.16,4.72,1.72,0.43,0.8,8.05,4.4,4.4,6602071.0,3181701.0,22.91,597513.0
2025-09-10,15.35,97.78,120.12,3682.0,64.01,4.04,4.5,3.54,2.84,2.35,-0.53,-0.42,63.67,67.49,1387.2,3314.53,1386.97,4.69,1.69,0.42,0.79,8.0,4.39,4.4,6605962.0,3160774.0,29.4,672274.0
2025-09-11,14.71,97.54,119.95,3673.6,62.71,4.01,4.5,3.52,2.78,2.34,-0.53,-0.42,62.37,66.37,1389.5,3344.2,1388.97,4.65,1.67,0.41,0.78,7.92,4.41,4.4,6605962.0,3160774.0,26.9,672274.0
2025-09-12,14.76,97.55,120.06,3686.4,63.02,4.06,4.5,3.56,2.79,2.36,-0.53,-0.55,62.69,66.99,,3395.54,1394.06,4.68,1.7,0.43,0.77,7.97,4.42,4.4,6605962.0,3160774.0,17.33,672274.0
2025-09-15,15.69,97.3,119.56,3719.0,63.66,4.05,4.5,3.54,2.75,2.37,-0.53,-0.55,63.3,67.44,1385.01,3407.31,1385.09,4.66,1.68,0.43,0.75,7.94,4.51,4.4,6605962.0,3160774.0,16.95,672274.0
2025-09-16,16.36,96.63,119.13,3725.1,64.89,4.04,4.5,3.51,2.79,2.37,-0.53,-0.55,64.52,68.47,1377.64,3449.62,1381.49,4.65,1.67,0.42,0.76,8.07,4.39,4.4,6605962.0,3160774.0,18.82,672274.0
2025-09-17,15.72,96.87,119.16,3717.8,64.41,4.06,4.5,3.52,2.79,2.38,-0.53,-0.55,64.05,67.95,1378.69,3413.4,1375.5,4.66,1.68,0.44,0.76,8.08,4.38,4.4,6608597.0,3073355.0,13.96,756376.0
2025-09-18,15.7,97.35,119.66,3678.3,63.91,4.11,4.25,3.57,2.71,2.38,-0.53,-0.55,63.57,67.44,1386.75,3461.3,1388.51,4.72,1.73,0.46,0.75,7.95,4.14,4.15,6608597.0,3073355.0,13.71,756376.0
2025-09-19,15.45,97.64,119.79,3705.8,63.02,4.14,4.25,3.57,2.72,2.39,-0.53,-0.59,62.68,66.68,,3445.24,1397.43,4.75,1.75,0.47,0.74,7.97,4.14,4.15,6608597.0,3073355.0,11.36,756376.0
2025-09-22,16.1,97.33,119.82,3775.1,62.99,4.15,4.25,3.61,2.69,2.37,-0.52,-0.59,62.64,66.57,1389.39,3468.65,1392.4,4.77,1.78,0.49,0.74,7.9,4.14,4.15,6608597.0,3073355.0,14.17,756376.0
2025-09-23,16.64,97.26,119.62,3815.7,63.76,4.12,4.25,3.53,2.71,2.37,-0.52,-0.59,63.41,67.63,1391.85,3486.19,1394.28,4.73,1.75,0.48,0.75,7.93,4.12,4.15,6608597.0,3073355.0,14.4,756376.0
2025-09-24,16.18,97.87,120.17,3768.1,65.4,4.16,4.25,3.57,2.7,2.38,-0.52,-0.59,64.99,69.31,1403.65,3472.14,1404.7,4.76,1.78,0.49,0.75,7.94,4.13,4.15,6608395.0,3002218.0,29.17,804856.0
2025-09-25,16.74,98.55,120.54,3771.1,65.51,4.18,4.25,3.64,2.76,2.38,-0.52,-0.59,64.98,69.42,1408.92,3471.11,1408.67,4.75,1.8,0.51,0.76,8.03,4.18,4.15,6608395.0,3002218.0,25.37,804856.0
2025-09-26,15.29,98.15,120.43,3809.0,66.5,4.2,4.25,3.63,2.75,2.38,-0.52,-0.54,65.72,70.13,,3386.05,1410.05,4.77,1.82,0.52,0.75,8.01,4.16,4.15,6608395.0,3002218.0,48.07,804856.0
2025-09-29,16.12,97.91,120.11,3855.2,64.27,4.15,4.25,3.63,2.74,2.35,-0.52,-0.54,63.45,67.97,1399.33,3431.21,1399.76,4.71,1.8,0.5,0.75,7.98,4.13,4.15,6608395.0,3002218.0,56.22,804856.0
2025-09-30,16.28,97.77,120.14,3873.2,63.17,4.16,4.25,3.6,2.8,2.36,-0.52,-0.54,62.37,67.02,1403.15,3424.6,1404.63,4.73,1.8,0.5,0.76,8.07,4.24,4.15,6608395.0,3002218.0,49.07,804856.0
2025-10-01,16.29,97.71,120.15,3897.5,62.59,4.12,4.25,3.55,2.81,2.35,-0.52,-0.54,61.78,65.35,1401.82,3455.83,1402.45,4.72,1.77,0.49,0.76,8.1,4.2,4.15,6587119.0,2966094.0,10.18,805139.0
2025-10-02,16.63,97.85,120.43,3868.1,61.28,4.1,4.25,3.55,2.81,2.34,-0.52,-0.54,60.48,64.11,1405.63,3549.21,1406.72,4.69,1.76,0.48,0.75,8.12,4.2,4.15,6587119.0,2966094.0,8.44,805139.0
2025-10-03,16.65,97.72,120.09,3908.9,61.65,4.13,4.25,3.58,2.8,2.33,-0.52,-0.49,60.88,64.53,,,1406.16,4.71,1.8,0.49,0.75,8.11,4.18,4.15,6587119.0,2966094.0,25.39,805139.0
2025-10-06,16.37,98.11,120.27,3976.3,62.49,4.18,4.25,3.6,2.76,2.34,-0.52,-0.49,61.69,65.47,1409.92,,1410.47,4.76,1.84,0.51,0.74,8.04,4.15,4.15,6587119.0,2966094.0,21.78,805139.0
2025-10-07,17.24,98.58,120.49,4004.4,62.52,4.14,4.25,3.57,2.82,2.35,-0.52,-0.49,61.73,65.45,1414.57,,1413.12,4.73,1.79,0.5,0.75,8.12,4.14,4.15,6587119.0,2966094.0,4.62,805139.0
2025-10-08,16.3,98.85,120.78,4070.5,63.37,4.13,4.25,3.58,2.84,2.35,-0.52,-0.49,62.55,66.25,1422.52,,1424.17,4.72,1.78,0.5,0.75,8.19,4.12,4.15,6590815.0,2998471.0,5.23,807428.0
2025-10-09,16.43,99.54,121.09,3972.6,62.36,4.14,4.25,3.6,2.95,2.34,-0.52,-0.49,61.51,65.22,1421.51,,1423.68,4.72,1.8,0.5,0.77,8.38,4.13,4.15,6590815.0,2998471.0,4.5,807428.0
2025-10-10,21.66,98.98,121.12,4000.4,59.75,4.05,4.25,3.52,3.18,2.3,-0.52,-0.48,58.9,62.73,,3610.6,1428.39,4.63,1.75,0.47,0.81,8.74,4.15,4.15,6590815.0,2998471.0,4.12,807428.0
2025-10-13,19.03,99.27,,4133.0,,,4.25,,3.18,,-0.52,-0.48,59.49,63.32,1426.07,3584.55,,,,,0.81,8.74,,4.15,6590815.0,2998471.0,,807428.0
2025-10-14,20.81,99.05,121.18,4163.4,59.52,4.03,4.25,3.48,3.11,2.3,-0.52,-0.48,58.7,62.39,1429.43,3561.81,1429.91,4.62,1.73,0.45,0.81,8.63,4.19,4.15,6590815.0,2998471.0,3.52,807428.0
2025-10-15,20.64,98.79,120.86,4201.6,59.08,4.05,4.25,3.5,2.95,2.29,-0.52,-0.48,58.27,61.91,1420.09,3657.28,1423.12,4.64,1.76,0.45,0.78,8.47,4.29,4.15,6596454.0,3019028.0,5.48,809593.0
2025-10-16,25.31,98.39,120.67,4304.6,58.29,3.99,4.25,3.41,3.04,2.28,-0.52,-0.48,57.46,61.06,1415.72,3748.37,1416.07,4.58,1.71,0.42,0.8,8.56,4.3,4.15,6596454.0,3019028.0,6.96,809593.0
2025-10-17,20.78,98.43,120.7,4213.3,58.3,4.02,4.25,3.46,3.04,2.27,-0.52,-0.35,57.54,61.29,,3748.89,1421.89,4.6,1.75,0.43,0.8,8.57,4.18,4.15,6596454.0,3019028.0,4.1,809593.0
2025-10-20,18.23,98.59,120.62,4359.4,58.34,4.0,4.25,3.46,2.99,2.26,-0.52,-0.36,57.52,61.01,1419.74,3814.69,1420.39,4.58,1.74,0.43,0.79,8.48,4.16,4.15,6596454.0,3019028.0,5.93,809593.0
2025-10-21,17.87,98.93,120.89,4109.1,58.66,3.98,4.25,3.45,2.97,2.28,-0.52,-0.36,57.82,61.32,1430.74,3823.84,1430.58,4.55,1.7,0.42,0.79,8.47,4.23,4.15,6596454.0,3019028.0,4.7,809593.0
2025-10-22,18.6,98.9,120.9,4065.4,59.3,3.97,4.25,3.45,3.01,2.29,-0.52,-0.36,58.5,62.59,1430.4,3883.68,1429.94,4.54,1.68,0.42,0.8,8.54,4.21,4.15,6589533.0,2933037.0,4.0,908001.0
2025-10-23,17.3,98.94,120.95,4145.6,62.44,4.01,4.25,3.48,2.96,2.3,-0.52,-0.36,61.79,65.99,1435.84,3845.56,1437.25,4.58,1.71,0.44,0.78,8.53,4.24,4.15,6589533.0,2933037.0,6.94,908001.0
2025-10-24,16.37,98.95,120.93,4137.8,62.27,4.02,4.25,3.48,2.88,2.29,-0.52,-0.5,61.5,65.94,,3941.59,1438.35,4.59,1.73,0.44,0.77,8.43,4.24,4.15,6589533.0,2933037.0,2.44,908001.0
2025-10-27,15.79,98.78,120.8,4019.7,62.13,4.01,4.25,3.48,2.8,2.28,-0.52,-0.5,61.31,65.62,1436.97,4042.83,1432.72,4.57,1.73,0.45,0.76,8.27,4.27,4.15,6589533.0,2933037.0,10.64,908001.0
2025-10-28,16.42,98.69,120.64,3983.1,60.97,3.99,4.25,3.47,2.82,2.28,-0.52,-0.5,60.15,64.4,1430.97,4010.41,1432.72,4.55,1.71,0.45,0.76,8.29,4.31,4.15,6589533.0,2933037.0,14.1,908001.0
2025-10-29,16.92,99.22,120.53,4000.7,61.26,4.08,4.25,3.59,2.76,2.3,-0.52,-0.5,60.48,64.92,1425.97,4081.15,1420.83,4.61,1.78,0.48,0.75,8.22,4.27,4.15,6587034.0,2848021.0,19.5,957990.0
2025-10-30,16.91,99.53,121.28,4015.9,61.36,4.11,4.0,3.61,2.85,2.29,-0.52,-0.5,60.57,65.0,1424.01,4086.89,1430.45,4.65,1.82,0.49,0.77,8.33,4.04,3.9,6587034.0,2848021.0,19.17,957990.0
2025-10-31,17.44,99.8,121.39,3996.5,61.75,4.11,4.0,3.6,2.94,2.3,-0.51,-0.46,60.98,65.07,1424.02,4107.5,1428.37,4.67,1.81,0.5,0.8,8.65,4.22,3.9,6587034.0,2848021.0,51.8,957990.0
2025-11-03,17.17,99.87,121.45,4014.0,61.79,4.13,4.0,3.6,3.04,2.31,-0.51,-0.46,61.05,64.89,1427.17,4221.87,1430.65,4.69,1.82,0.5,0.83,8.85,4.13,3.9,6587034.0,2848021.0,23.79,957990.0
2025-11-04,19.0,100.22,121.83,3960.5,61.38,4.1,4.0,3.58,3.13,2.29,-0.51,-0.46,60.56,64.44,1428.97,4121.74,1440.22,4.67,1.81,0.49,0.83,8.97,4.0,3.9,6587034.0,2848021.0,16.98,957990.0
2025-11-05,18.01,100.2,121.85,3992.9,60.4,4.17,4.0,3.63,3.05,2.3,-0.51,-0.46,59.6,63.52,1439.81,4004.42,1440.95,4.74,1.87,0.51,0.81,8.85,3.91,3.9,6572732.0,2862569.0,12.81,940979.0
2025-11-06,19.5,99.73,121.69,3991.0,60.24,4.11,4.0,3.57,3.13,2.28,-0.51,-0.46,59.43,63.38,1439.74,4026.45,1449.28,4.69,1.83,0.5,0.82,8.9,3.92,3.9,6572732.0,2862569.0,10.75,940979.0
2025-11-07,19.08,99.6,121.39,4009.8,60.54,4.11,4.0,3.55,3.15,2.28,-0.51,-0.31,59.75,63.63,1447.9,3953.76,1461.07,4.7,1.83,0.49,0.84,8.98,3.93,3.9,6572732.0,2862569.0,4.9,940979.0
2025-11-10,17.6,99.62,121.3,4122.0,60.94,4.13,4.0,3.58,3.02,2.29,-0.51,-0.31,60.13,64.06,1454.0,4073.24,1456.34,4.71,1.84,0.5,0.82,8.88,3.95,3.9,6572732.0,2862569.0,7.15,940979.0
2025-11-11,17.28,99.46,,4116.3,,,4.0,,3.02,,-0.51,-0.31,61.04,65.16,1456.09,4106.39,,,,,0.82,8.88,,3.9,6572732.0,2862569.0,,940979.0
2025-11-12,17.51,99.48,121.05,4213.6,59.3,4.08,4.0,3.56,3.02,2.27,-0.51,-0.31,58.49,62.71,1459.84,4150.39,1468.6,4.67,1.81,0.48,0.83,8.95,3.98,3.9,6580462.0,2855030.0,5.89,953816.0
2025-11-13,20.0,99.18,120.77,4194.5,59.54,4.11,4.0,3.58,3.09,2.28,-0.51,-0.31,58.69,63.01,1468.02,4170.63,1465.32,4.7,1.83,0.49,0.84,9.07,4.0,3.9,6580462.0,2855030.0,3.76,953816.0
2025-11-14,19.83,99.27,120.97,4094.2,60.87,4.14,4.0,3.62,3.07,2.28,-0.51,-0.5,60.09,64.39,1468.71,4011.57,1453.2,4.74,1.86,0.51,0.83,9.02,3.95,3.9,6580462.0,2855030.0,1.56,953816.0
2025-11-17,22.38,99.59,121.11,4074.5,60.66,4.13,4.0,3.6,3.13,2.28,-0.51,-0.5,59.91,64.2,1446.53,4089.25,1459.71,4.73,1.85,0.5,0.84,9.08,4.0,3.9,6580462.0,2855030.0,3.17,953816.0
2025-11-18,24.69,99.55,121.21,4066.5,61.51,4.12,4.0,3.58,3.2,2.27,-0.51,-0.5,60.74,64.89,1461.69,3953.62,1461.3,4.74,1.85,0.5,0.85,9.22,3.94,3.9,6580462.0,2855030.0,0.91,953816.0
2025-11-19,23.66,100.23,121.5,4082.8,60.27,4.13,4.0,3.58,3.17,2.27,-0.51,-0.5,59.44,63.51,1456.55,3929.51,1467.69,4.75,1.86,0.5,0.84,9.19,3.91,3.9,6555283.0,2888643.0,1.13,941926.0
2025-11-20,26.42,100.16,121.69,4060.0,60.07,4.1,4.0,3.55,3.17,2.24,-0.51,-0.5,59.14,63.38,1466.13,4004.85,1472.65,4.73,1.86,0.49,0.85,9.2,3.91,3.9,6555283.0,2888643.0,6.52,941926.0
2025-11-21,23.43,100.18,121.87,4079.5,58.86,4.06,4.0,3.51,3.19,2.24,-0.51,-0.13,58.06,62.56,1473.25,3853.26,1470.84,4.71,1.82,0.47,0.86,9.2,3.93,3.9,6555283.0,2888643.0,2.5,941926.0
2025-11-24,20.52,100.14,121.92,4094.2,59.11,4.04,4.0,3.46,3.15,2.23,-0.51,-0.13,58.84,63.37,1467.73,3846.06,1475.94,4.68,1.81,0.46,0.85,9.19,3.96,3.9,6555283.0,2888643.0,1.08,941926.0
2025-11-25,18.56,99.66,121.63,4140.0,58.25,4.01,4.0,3.43,3.1,2.22,-0.51,-0.13,57.95,62.48,1474.86,3857.78,1468.02,4.67,1.79,0.45,0.84,9.16,4.01,3.9,6555283.0,2888643.0,2.31,941926.0
2025-11-26,17.19,99.6,121.24,4165.2,58.81,4.0,4.0,3.45,3.0,2.23,-0.51,-0.13,58.65,63.13,1464.92,3960.87,1468.39,4.64,1.77,0.44,0.82,9.14,4.05,3.9,6552419.0,2896586.0,2.22,903394.0
2025-11-27,17.21,,,,,,4.0,,3.0,,-0.51,-0.13,,,1470.59,3986.91,,,,,0.82,9.14,,3.9,6552419.0,2896586.0,,903394.0
2025-11-28,16.35,99.46,121.05,4254.9,58.58,4.02,4.0,3.47,2.95,2.23,-0.51,-0.38,58.55,63.2,1461.4,3926.59,1467.65,4.67,1.79,0.45,0.82,9.17,4.12,3.9,6552419.0,2896586.0,7.56,903394.0
2025-11-30,,,,,,,4.0,,2.92,,-0.51,-0.38,,,,,,,,,0.82,8.94,,3.9,6552419.0,2896586.0,,903394.0
2025-12-01,17.24,99.41,120.99,4274.8,59.47,4.09,4.0,3.54,2.94,2.24,-0.51,-0.38,59.32,63.17,1465.62,3920.37,1467.79,4.74,1.85,0.48,0.82,8.97,4.12,3.9,6552419.0,2896586.0,3.24,903394.0
2025-12-02,16.59,99.36,121.15,4220.8,58.81,4.09,4.0,3.51,2.92,2.24,-0.51,-0.38,58.64,62.45,1470.17,3994.93,1469.23,4.74,1.85,0.49,0.81,8.97,4.01,3.9,6552419.0,2896586.0,5.62,903394.0
2025-12-03,16.08,98.85,120.73,4232.5,59.09,4.06,4.0,3.49,2.89,2.24,-0.51,-0.38,58.95,62.67,1467.36,4036.3,1465.94,4.73,1.82,0.49,0.81,8.79,3.95,3.9,6535781.0,2858284.0,2.51,937167.0
2025-12-04,15.78,98.99,120.68,4243.0,59.82,4.11,4.0,3.52,2.88,2.26,-0.51,-0.38,59.67,63.26,1465.03,4028.51,1473.22,4.76,1.85,0.51,0.8,8.78,3.92,3.9,6535781.0,2858284.0,2.23,937167.0
2025-12-05,15.41,98.99,120.69,4243.0,60.23,4.14,4.0,3.56,2.85,2.26,-0.51,-0.42,60.08,63.75,1472.38,4100.05,1472.83,4.79,1.88,0.53,0.79,8.68,3.93,3.9,6535781.0,2858284.0,1.49,937167.0
2025-12-08,16.66,99.09,120.78,4217.7,59.04,4.17,4.0,3.57,2.89,2.26,-0.51,-0.42,58.88,62.49,1471.81,4154.85,1469.19,4.81,1.91,0.55,0.78,8.71,3.95,3.9,6535781.0,2858284.0,1.7,937167.0
2025-12-09,16.93,99.22,120.68,4236.2,58.4,4.18,4.0,3.61,2.89,2.26,-0.51,-0.42,58.25,61.94,1468.51,4143.55,1469.48,4.8,1.92,0.56,0.79,8.76,3.93,3.9,6535781.0,2858284.0,3.21,937167.0
2025-12-10,15.77,98.79,120.68,4224.7,58.67,4.13,4.0,3.54,2.91,2.25,-0.51,-0.42,58.46,62.21,1467.93,4135.0,1470.2,4.78,1.88,0.56,0.78,8.83,3.9,3.9,6539303.0,2932112.0,5.04,858946.0
2025-12-11,14.85,98.35,119.98,4313.0,57.76,4.14,3.75,3.52,2.88,2.25,-0.51,-0.42,57.6,61.28,1469.04,4110.62,1471.38,4.79,1.89,0.55,0.78,8.77,3.66,3.65,6539303.0,2932112.0,2.87,858946.0
2025-12-12,15.74,98.4,120.14,4328.3,57.61,4.19,3.75,3.52,2.91,2.26,-0.52,-0.36,57.44,61.12,1470.85,4167.16,1477.72,4.85,1.93,0.58,0.8,8.76,3.67,3.65,6539303.0,2932112.0,0.84,858946.0
2025-12-15,16.5,98.15,119.96,4335.2,56.97,4.18,3.75,3.51,2.91,2.25,-0.52,-0.35,56.82,60.56,1472.91,4090.59,1468.62,4.84,1.93,0.58,0.8,8.79,3.75,3.65,6539303.0,2932112.0,2.6,858946.0
2025-12-16,16.48,98.15,119.89,4332.3,55.44,4.15,3.75,3.48,2.98,2.23,-0.52,-0.35,55.27,58.92,1467.48,3999.13,1472.48,4.82,1.92,0.57,0.81,8.87,3.69,3.65,6539303.0,2932112.0,1.55,858946.0
2025-12-17,17.62,98.37,120.16,4373.9,56.07,4.16,3.75,3.49,2.99,2.24,-0.52,-0.35,55.94,59.68,1471.74,4056.41,1475.05,4.83,1.92,0.57,0.81,8.92,3.69,3.65,6556861.0,2959044.0,10.36,833093.0
2025-12-18,16.87,98.43,120.05,4364.5,56.22,4.12,3.75,3.46,2.95,2.24,-0.52,-0.35,56.15,59.82,1474.0,3994.51,1473.21,4.8,1.88,0.56,0.81,8.91,3.66,3.65,6556861.0,2959044.0,11.71,833093.0
2025-12-19,14.91,98.6,120.17,4387.3,56.8,4.16,3.75,3.48,2.9,2.24,-0.52,-0.33,56.66,60.47,1474.36,4020.55,1477.26,4.82,1.92,0.56,0.8,8.84,3.66,3.65,6556861.0,2959044.0,3.05,833093.0
2025-12-22,14.08,98.29,119.99,4469.4,58.18,4.17,3.75,3.44,2.88,2.23,-0.52,-0.33,58.01,62.07,1473.72,4105.93,1480.13,4.84,1.94,0.57,0.8,8.8,3.68,3.65,6556861.0,2959044.0,1.52,833093.0
2025-12-23,14.0,97.94,119.71,4505.7,58.55,4.18,3.75,3.48,2.83,2.24,-0.52,-0.33,58.38,62.38,1476.84,4117.32,1481.45,4.83,1.94,0.58,0.79,8.73,3.66,3.65,6556861.0,2959044.0,5.89,833093.0
2025-12-24,13.47,97.98,119.44,4502.8,58.72,4.15,3.75,3.47,2.84,2.24,-0.52,-0.33,58.35,62.24,1478.67,4108.62,1443.62,4.79,1.91,0.57,0.79,8.75,3.66,3.65,6581231.0,2955581.0,4.8,837120.0
2025-12-25,,,,,,,3.75,,,,-0.52,-0.33,,,,,,,,,,,,3.65,6581231.0,2955581.0,,837120.0
2025-12-26,13.6,98.02,119.47,4552.7,56.6,4.14,3.75,3.46,2.86,2.23,-0.54,-0.57,56.74,60.64,1446.52,4129.68,1441.16,4.81,1.91,0.56,0.79,8.8,3.76,3.65,6581231.0,2955581.0,20.34,837120.0
2025-12-29,14.2,98.04,119.59,4343.6,57.89,4.12,3.75,3.45,2.87,2.22,-0.54,-0.57,58.08,61.94,1441.33,4220.56,1433.88,4.8,1.9,0.55,0.79,8.78,3.77,3.65,6581231.0,2955581.0,10.55,837120.0
2025-12-30,14.33,98.24,119.49,4386.3,57.79,4.14,3.75,3.45,2.84,2.24,-0.54,-0.57,57.95,61.92,1434.71,4214.17,1439.42,4.81,1.9,0.55,0.79,8.73,3.71,3.65,6581231.0,2955581.0,12.61,837120.0
2025-12-31,14.95,98.28,119.75,4341.1,57.26,4.18,3.75,3.47,2.81,2.25,-0.54,-0.57,57.42,60.85,1437.91,,1444.55,4.84,1.93,0.57,0.79,8.85,3.87,3.65,6640618.0,2957410.0,105.99,837306.0
2026-01-01,,,,,,,3.75,,,,-0.54,-0.57,,,,,,,,,,,,3.65,6640618.0,2957410.0,,837306.0
2026-01-02,14.51,98.42,119.61,4329.6,57.21,4.19,3.75,3.47,2.83,2.25,-0.55,-0.56,57.32,60.75,1443.64,4309.63,1444.45,4.86,1.94,0.58,0.79,8.88,3.75,3.65,6640618.0,2957410.0,5.67,837306.0
2026-01-05,14.9,98.27,119.62,4451.5,58.1,4.17,3.75,3.46,2.81,2.26,-0.55,-0.56,58.32,61.76,1440.48,4457.52,1444.88,4.85,1.91,0.58,0.79,8.83,3.7,3.65,6640618.0,2957410.0,6.49,837306.0
2026-01-06,14.75,98.58,119.78,4496.1,56.97,4.18,3.75,3.47,2.79,2.27,-0.55,-0.56,57.13,60.7,1445.56,4525.48,1446.93,4.86,1.91,0.58,0.79,8.74,3.66,3.65,6640618.0,2957410.0,2.58,837306.0
2026-01-07,15.38,98.68,119.87,4462.5,56.01,4.15,3.75,3.47,2.79,2.27,-0.55,-0.56,55.99,59.96,1444.96,4551.06,1447.45,4.82,1.88,0.57,0.79,8.7,3.65,3.65,6573602.0,2996379.0,4.58,796148.0
2026-01-08,15.45,98.93,120.09,4460.7,57.74,4.19,3.75,3.49,2.76,2.27,-0.55,-0.56,57.76,61.99,1446.14,4552.37,1452.15,4.85,1.92,0.59,0.79,8.68,3.64,3.65,6573602.0,2996379.0,3.08,796148.0
2026-01-09,14.49,99.13,120.22,4500.9,58.96,4.18,3.75,3.54,2.74,2.28,-0.56,-0.66,59.12,63.34,1450.08,4586.32,1458.61,4.82,1.9,0.59,0.78,8.65,3.64,3.65,6573602.0,2996379.0,3.28,796148.0
2026-01-12,15.12,98.86,120.0,4614.7,59.39,4.19,3.75,3.54,2.74,2.29,-0.56,-0.66,59.5,63.87,1455.24,4624.79,1467.08,4.83,1.9,0.59,0.78,8.64,3.64,3.65,6573602.0,2996379.0,3.4,796148.0
2026-01-13,15.98,99.13,120.14,4599.1,60.85,4.18,3.75,3.53,2.75,2.3,-0.56,-0.66,61.15,65.47,1464.93,4692.64,1475.78,4.83,1.88,0.59,0.77,8.64,3.65,3.65,6573602.0,2996379.0,3.28,796148.0
2026-01-14,16.75,99.13,119.95,4635.7,61.84,4.15,3.75,3.51,2.76,2.29,-0.56,-0.66,62.02,66.52,1473.01,4723.1,1464.29,4.79,1.86,0.57,0.77,8.63,3.64,3.65,6581700.0,3049630.0,3.22,779175.0
2026-01-15,15.84,99.32,120.0,4623.7,59.13,4.17,3.75,3.56,2.71,2.29,-0.56,-0.66,59.19,63.76,1462.9,4797.55,1469.39,4.79,1.88,0.58,0.76,8.56,3.66,3.65,6581700.0,3049630.0,2.0,779175.0
2026-01-16,15.86,99.39,120.08,4595.4,59.4,4.24,3.75,3.59,2.65,2.33,-0.56,-0.64,59.44,64.13,1468.84,4840.74,1474.05,4.83,1.91,0.6,0.75,8.52,3.65,3.65,6581700.0,3049630.0,1.22,779175.0
2026-01-19,18.84,,,,,,3.75,,2.65,,-0.56,-0.64,,,1471.58,4904.66,,,,,0.75,8.51,,3.65,6581700.0,3049630.0,,779175.0
2026-01-20,20.09,98.64,119.45,4765.8,60.3,4.3,3.75,3.6,2.73,2.33,-0.56,-0.64,60.34,64.92,1471.52,4885.75,1478.33,4.91,1.97,0.63,0.75,8.64,3.64,3.65,6581700.0,3049630.0,3.51,779175.0
2026-01-21,16.9,98.76,119.34,4837.5,60.38,4.26,3.75,3.6,2.69,2.34,-0.56,-0.64,60.62,65.24,1477.78,4909.93,1465.95,4.87,1.92,0.63,0.74,8.55,3.63,3.65,6584580.0,2954903.0,3.34,869261.0
2026-01-22,15.64,98.36,119.2,4913.4,59.24,4.26,3.75,3.61,2.64,2.31,-0.56,-0.64,59.36,64.06,1464.83,4952.53,1464.34,4.84,1.95,0.63,0.73,8.43,3.64,3.65,6584580.0,2954903.0,2.06,869261.0
2026-01-23,16.09,97.6,118.9,4979.7,60.7,4.24,3.75,3.6,2.68,2.32,-0.57,-0.71,61.07,65.88,1463.26,4990.07,1462.89,4.82,1.92,0.62,0.73,8.49,3.65,3.65,6584580.0,2954903.0,0.93,869261.0
2026-01-26,16.15,97.04,118.05,5082.5,60.46,4.22,3.75,3.56,2.69,2.32,-0.57,-0.71,60.63,65.59,1444.81,4949.59,1441.49,4.8,1.9,0.61,0.74,8.52,3.66,3.65,6584580.0,2954903.0,1.49,869261.0
2026-01-27,16.35,96.22,117.45,5082.6,62.04,4.24,3.75,3.53,2.71,2.34,-0.57,-0.71,62.39,67.57,1440.98,5084.85,1437.45,4.83,1.9,0.62,0.73,8.46,3.66,3.65,6584580.0,2954903.0,1.25,869261.0
2026-01-28,16.35,96.45,117.51,5303.6,62.75,4.26,3.75,3.56,2.72,2.36,-0.57,-0.71,63.21,68.4,1432.51,5170.81,1436.06,4.85,1.9,0.63,0.73,8.38,3.64,3.65,6587568.0,2901600.0,1.1,923042.0
2026-01-29,16.88,96.28,117.44,5318.4,64.77,4.24,3.75,3.53,2.77,2.35,-0.57,-0.71,65.42,70.71,1429.27,5221.25,1433.84,4.85,1.89,0.62,0.74,8.54,3.65,3.65,6587568.0,2901600.0,2.85,923042.0
2026-01-30,17.44,96.99,117.9,4745.1,64.5,4.26,3.75,3.52,2.8,2.36,-0.56,-0.67,65.21,70.69,1428.76,5224.36,1444.51,4.87,1.9,0.61,0.74,8.55,3.68,3.65,6587568.0,2901600.0,9.63,923042.0
2026-01-31,,,,,,,3.75,,2.88,,-0.56,-0.67,,,,,,,,,0.75,8.74,,3.65,6587568.0,2901600.0,,923042.0
2026-02-02,16.34,97.61,118.36,4652.6,61.6,4.29,3.75,3.57,2.81,2.35,-0.56,-0.67,62.14,66.3,1448.8,4949.67,1452.03,4.9,1.94,0.63,0.74,8.68,3.69,3.65,6587568.0,2901600.0,10.41,923042.0
2026-02-03,18.0,97.44,117.98,4935.0,62.62,4.28,3.75,3.57,2.85,2.36,-0.56,-0.67,63.21,67.33,1452.54,5288.08,1447.7,4.9,1.92,0.63,0.74,8.74,3.69,3.65,6587568.0,2901600.0,1.78,923042.0
2026-02-04,18.64,97.62,118.26,4950.8,64.56,4.29,3.75,3.57,2.86,2.35,-0.56,-0.67,65.14,69.46,1446.68,5371.1,1459.24,4.91,1.94,0.64,0.75,8.8,3.65,3.65,6605909.0,2925170.0,2.41,908773.0
2026-02-05,21.77,97.82,118.5,4889.5,62.9,4.21,3.75,3.47,2.97,2.32,-0.56,-0.67,63.29,67.55,1460.11,5163.57,1463.13,4.85,1.89,0.6,0.76,9.0,3.65,3.65,6605909.0,2925170.0,1.75,908773.0
2026-02-06,17.76,97.63,118.24,4979.8,63.77,4.22,3.75,3.5,2.87,2.34,-0.55,-0.65,63.55,68.05,1470.68,5089.14,1462.75,4.85,1.88,0.6,0.76,8.92,3.64,3.65,6605909.0,2925170.0,3.11,908773.0
2026-02-09,17.36,96.82,117.64,5079.4,64.53,4.22,3.75,3.48,2.84,2.35,-0.55,-0.65,64.36,69.04,1462.4,5298.04,1458.12,4.85,1.87,0.6,0.76,8.87,3.63,3.65,6605909.0,2925170.0,1.31,908773.0
2026-02-10,17.79,96.8,117.52,5031.0,64.2,4.16,3.75,3.45,2.86,2.32,-0.55,-0.65,63.96,68.8,1458.54,5301.69,1456.82,4.78,1.84,0.57,0.77,8.92,3.65,3.65,6605909.0,2925170.0,1.45,908773.0
2026-02-11,17.65,96.83,117.46,5098.5,64.8,4.18,3.75,3.52,2.84,2.32,-0.55,-0.65,64.63,69.4,1455.33,5354.49,1446.96,4.82,1.86,0.58,0.77,8.85,3.65,3.65,6622382.0,2939557.0,1.05,915306.0
2026-02-12,20.82,96.93,117.54,4948.4,63.08,4.09,3.75,3.47,2.92,2.29,-0.55,-0.65,62.84,67.52,1444.19,5522.27,1439.8,4.72,1.8,0.55,0.78,8.97,3.65,3.65,6622382.0,2939557.0,2.84,915306.0
2026-02-13,20.6,96.88,117.53,5046.3,63.05,4.04,3.75,3.4,2.95,2.27,-0.54,-0.6,62.89,67.75,1440.9,5507.01,1442.9,4.69,1.77,0.52,0.79,9.06,3.66,3.65,6622382.0,2939557.0,0.38,915306.0
2026-02-16,21.2,,,,,,3.75,,2.94,,-0.54,-0.6,,,1439.52,,,,,,0.79,8.96,,3.65,6622382.0,2939557.0,,915306.0
2026-02-17,20.29,97.16,117.74,4905.9,62.53,4.05,3.75,3.43,2.94,2.26,-0.54,-0.6,62.33,67.42,1440.23,,1444.43,4.68,1.79,0.51,0.8,9.0,3.71,3.65,6622382.0,2939557.0,0.44,915306.0
2026-02-18,19.62,97.7,117.84,5009.5,65.33,4.09,3.75,3.47,2.86,2.29,-0.54,-0.6,65.19,70.35,1439.97,,1445.15,4.71,1.8,0.52,0.78,8.87,3.73,3.65,6613395.0,2949804.0,0.86,912727.0
2026-02-19,20.23,97.93,118.24,4997.4,66.66,4.08,3.75,3.47,2.88,2.29,-0.54,-0.6,66.43,71.66,1440.16,5677.25,1450.1,4.7,1.79,0.52,0.79,8.88,3.67,3.65,6613395.0,2949804.0,0.63,912727.0
2026-02-20,19.09,97.8,117.99,5080.9,66.69,4.08,3.75,3.48,2.86,2.28,-0.53,-0.48,66.39,71.76,1447.75,5808.53,1445.97,4.72,1.8,0.52,0.78,8.87,3.66,3.65,6613395.0,2949804.0,0.5,912727.0
2026-02-23,21.01,97.7,117.94,5225.6,66.36,4.03,3.75,3.43,2.95,2.26,-0.52,-0.48,66.31,71.49,1443.44,5846.09,1442.62,4.7,1.77,0.5,0.8,9.04,3.66,3.65,6613395.0,2949804.0,0.88,912727.0
2026-02-24,19.55,97.88,117.95,5176.3,65.62,4.04,3.75,3.43,2.97,2.26,-0.52,-0.48,65.63,70.77,1442.2,5969.64,1440.45,4.7,1.78,0.5,0.81,9.15,3.67,3.65,6613395.0,2949804.0,0.92,912727.0
2026-02-25,17.93,97.7,117.77,5226.2,65.3,4.05,3.75,3.45,2.94,2.28,-0.52,-0.48,65.42,70.85,1439.99,6083.86,1427.12,4.7,1.77,0.5,0.8,9.18,3.67,3.65,6613797.0,2965765.0,1.16,887612.0
2026-02-26,18.63,97.79,117.9,5194.2,65.1,4.02,3.75,3.42,2.98,2.28,-0.52,-0.48,65.21,70.75,1426.93,6307.27,1433.32,4.67,1.74,0.49,0.82,9.27,3.67,3.65,6613797.0,2965765.0,3.8,887612.0
2026-02-27,19.86,97.61,117.82,5247.9,66.96,3.97,3.75,3.38,3.1,2.25,-0.51,-0.43,67.02,72.48,1432.32,6244.13,1439.82,4.64,1.72,0.46,0.85,9.5,3.68,3.65,6613797.0,2965765.0,16.32,887612.0
2026-02-28,,,,,,,3.75,,3.12,,-0.51,-0.43,,,,,,,,,0.86,9.52,,3.65,6613797.0,2965765.0,,887612.0
2026-03-02,21.44,98.38,118.67,5311.6,71.13,4.05,3.75,3.47,3.03,2.29,-0.51,-0.43,71.23,77.74,1438.5,,1439.8,4.7,1.76,0.49,0.85,9.45,3.71,3.65,6613797.0,2965765.0,0.63,887612.0
2026-03-03,23.57,99.05,119.43,5123.7,74.48,4.06,3.75,3.51,3.08,2.29,-0.51,-0.43,74.56,81.4,1452.27,5791.91,1485.6,4.7,1.77,0.5,0.84,9.57,3.7,3.65,6613797.0,2965765.0,1.2,887612.0
2026-03-04,21.15,98.77,119.07,5134.7,74.58,4.09,3.75,3.54,2.97,2.29,-0.51,-0.43,74.66,81.4,1483.07,5093.54,1462.7,4.72,1.8,0.52,0.82,9.42,3.67,3.65,6628894.0,3015531.0,0.88,832053.0
2026-03-05,23.75,99.32,119.57,5078.7,80.88,4.13,3.75,3.57,3.0,2.31,-0.51,-0.43,81.01,85.41,1460.75,5583.9,1483.36,4.74,1.82,0.54,0.82,9.44,3.66,3.65,6628894.0,3015531.0,2.79,832053.0
2026-03-06,29.49,98.99,119.49,5158.7,90.77,4.15,3.75,3.56,3.13,2.35,-0.49,-0.43,90.9,92.69,1479.51,5584.87,1482.98,4.77,1.8,0.55,0.84,9.59,3.65,3.65,6628894.0,3015531.0,1.51,832053.0
2026-03-09,25.5,99.18,119.52,5103.7,94.65,4.12,3.75,3.56,3.19,2.34,-0.49,-0.43,94.77,98.96,1483.89,5251.87,1478.15,4.72,1.78,0.54,0.85,9.69,3.65,3.65,6628894.0,3015531.0,0.33,832053.0
2026-03-10,24.93,98.83,118.73,5242.1,83.71,4.15,3.75,3.57,3.06,2.33,-0.49,-0.43,83.45,87.8,1464.47,5532.59,1465.29,4.78,1.82,0.55,0.84,9.45,3.64,3.65,6628894.0,3015531.0,0.28,832053.0
2026-03-11,24.23,99.23,119.29,5179.1,86.8,4.21,3.75,3.64,3.09,2.36,-0.49,-0.43,87.25,91.98,1472.78,5609.95,1474.94,4.86,1.85,0.58,0.88,9.45,3.64,3.65,6646344.0,3037665.0,0.55,838186.0
2026-03-12,27.29,99.74,119.82,5125.8,95.61,4.27,3.75,3.76,3.17,2.38,-0.49,-0.43,95.73,100.46,1475.34,5583.25,1491.81,4.88,1.89,0.62,0.91,9.61,3.65,3.65,6646344.0,3037665.0,0.14,838186.0
2026-03-13,27.19,100.36,120.55,5061.7,98.48,4.28,3.75,3.73,3.28,2.36,-0.47,-0.3,98.71,103.14,1470.58,5487.24,1498.88,4.9,1.92,0.63,0.93,9.78,3.65,3.65,6646344.0,3037665.0,0.43,838186.0
2026-03-16,23.51,99.71,120.1,5002.2,93.39,4.23,3.75,3.68,3.27,2.36,-0.47,-0.3,93.5,100.21,1501.75,5549.85,1493.01,4.86,1.87,0.6,0.94,9.73,3.7,3.65,6646344.0,3037665.0,0.58,838186.0
2026-03-17,22.37,99.58,119.83,5008.2,96.01,4.2,3.75,3.68,3.22,2.37,-0.47,-0.3,96.21,103.42,1488.91,5640.48,1488.68,4.85,1.83,0.59,0.92,9.63,3.65,3.65,6646344.0,3037665.0,0.8,838186.0
2026-03-18,25.09,100.09,119.93,4896.2,96.12,4.26,3.75,3.76,3.2,2.4,-0.47,-0.3,96.32,107.38,1484.87,5925.03,1500.19,4.88,1.86,0.61,0.91,9.64,3.62,3.65,6655939.0,3019995.0,0.7,853052.0
2026-03-19,24.06,99.23,120.18,4605.7,96.11,4.25,3.75,3.79,3.27,2.37,-0.47,-0.3,96.14,108.65,1505.25,5763.22,1495.88,4.83,1.88,0.62,0.9,9.76,3.62,3.65,6655939.0,3019995.0,0.64,853052.0
2026-03-20,26.78,99.65,120.28,4574.9,98.71,4.39,3.75,3.88,3.24,2.38,-0.46,-0.37,98.32,112.19,1489.84,5781.2,1504.15,4.96,2.01,0.68,0.88,9.79,3.62,3.65,6655939.0,3019995.0,0.82,853052.0
2026-03-23,26.15,98.95,119.94,4407.3,89.33,4.34,3.75,3.83,3.19,2.33,-0.46,-0.36,88.13,99.94,1504.21,5405.75,1492.07,4.91,2.01,0.67,0.88,9.75,3.62,3.65,6655939.0,3019995.0,0.86,853052.0
2026-03-24,26.95,99.43,120.13,4402.0,93.18,4.39,3.75,3.9,3.19,2.33,-0.46,-0.36,92.35,104.49,1485.36,5553.92,1496.95,4.94,2.06,0.69,0.87,9.77,3.63,3.65,6655939.0,3019995.0,1.12,853052.0
2026-03-25,25.33,99.6,120.13,4552.3,91.51,4.33,3.75,3.84,3.17,2.31,-0.46,-0.36,90.32,102.22,1497.31,5642.21,1500.32,4.89,2.02,0.67,0.87,9.74,3.64,3.65,6657161.0,2993955.0,0.78,874077.0
2026-03-26,27.44,99.9,120.39,4376.3,96.18,4.42,3.75,3.96,3.21,2.34,-0.46,-0.36,94.48,108.01,1500.97,5460.46,1504.57,4.93,2.08,0.71,0.88,9.84,3.65,3.65,6657161.0,2993955.0,0.89,874077.0
2026-03-27,31.05,100.15,120.89,4492.5,101.26,4.44,3.75,3.88,3.42,2.31,-0.46,-0.18,99.64,112.57,1508.36,5438.87,1509.86,4.98,2.13,0.72,0.91,10.13,3.63,3.65,6657161.0,2993955.0,0.99,874077.0
2026-03-30,30.61,100.51,121.29,4526.0,104.69,4.35,3.75,3.82,3.46,2.31,-0.46,-0.18,102.88,112.78,1516.13,5277.3,1518.7,4.91,2.04,0.68,0.93,10.2,3.63,3.65,6657161.0,2993955.0,0.75,874077.0
2026-03-31,25.25,99.96,121.03,4647.6,102.86,4.3,3.75,3.79,3.28,2.3,-0.46,-0.18,101.38,118.35,1503.33,5052.46,1523.5,4.88,2.0,0.65,0.9,9.94,3.68,3.65,6657161.0,2993955.0,15.78,874077.0
2026-04-01,24.54,99.65,120.12,4813.1,101.9,4.33,3.75,3.81,3.16,2.31,-0.46,-0.18,100.12,101.16,1512.09,5478.7,1511.31,4.91,2.02,0.66,0.87,9.81,3.65,3.65,6675344.0,3026708.0,2.11,847718.0
2026-04-02,23.87,100.03,120.5,4679.7,113.23,4.31,3.75,3.79,3.17,2.34,-0.46,-0.18,111.54,109.03,1509.22,5234.05,1509.54,4.88,1.97,0.66,0.86,9.88,3.66,3.65,6675344.0,3026708.0,0.33,847718.0
2026-04-03,,,120.66,,,4.35,3.75,3.84,3.13,2.36,-0.46,-0.23,,,,5377.3,1510.17,4.91,1.99,0.67,0.86,9.89,,3.65,6675344.0,3026708.0,,847718.0
2026-04-06,24.17,99.98,120.43,4684.7,114.01,4.34,3.75,3.84,3.05,2.36,-0.46,-0.23,112.41,109.77,1507.85,5450.33,1507.55,4.89,1.98,0.67,0.85,9.76,3.65,3.65,6675344.0,3026708.0,0.23,847718.0
2026-04-07,25.78,99.64,120.32,4684.7,114.58,4.33,3.75,3.81,3.12,2.37,-0.46,-0.23,112.95,109.27,1499.13,5494.78,1501.86,4.9,1.96,0.66,0.86,9.83,3.62,3.65,6675344.0,3026708.0,15.35,847718.0
2026-04-08,21.04,99.13,119.06,4777.2,96.17,4.29,3.75,3.79,2.94,2.33,-0.46,-0.23,94.41,94.75,1477.6,5872.34,1477.1,4.89,1.96,0.65,0.83,9.53,3.59,3.65,6693871.0,3116247.0,0.18,748376.0
2026-04-09,19.49,98.82,118.9,4818.0,99.62,4.29,3.75,3.78,2.9,2.34,-0.46,-0.23,97.87,95.92,1473.28,5778.01,1472.92,4.9,1.95,0.64,0.83,9.46,3.57,3.65,6693871.0,3116247.0,0.4,748376.0
2026-04-10,19.23,98.65,118.86,4787.4,98.34,4.31,3.75,3.81,2.94,2.36,-0.47,-0.63,96.57,95.2,,5858.87,1483.9,4.91,1.95,0.65,0.82,9.54,3.61,3.65,6693871.0,3116247.0,0.51,748376.0
2026-04-13,19.12,98.37,118.99,4767.4,100.72,4.3,3.75,3.78,2.95,2.38,-0.47,-0.64,99.08,99.36,1476.84,5808.62,1486.94,4.9,1.92,0.64,0.82,9.58,3.63,3.65,6693871.0,3116247.0,0.23,748376.0
2026-04-14,18.36,98.12,118.36,4850.1,93.07,4.26,3.75,3.76,2.84,2.37,-0.47,-0.64,91.28,94.79,1469.42,5967.75,1471.51,4.87,1.89,0.62,0.81,9.31,3.66,3.65,6693871.0,3116247.0,0.31,748376.0
2026-04-15,18.17,98.06,118.36,4823.6,93.04,4.29,3.75,3.76,2.85,2.39,-0.47,-0.64,91.29,94.93,1474.06,6091.39,1474.41,4.89,1.9,0.63,0.8,9.24,3.72,3.65,6705696.0,3129588.0,0.22,751354.0
2026-04-16,17.94,98.22,118.36,4808.3,96.46,4.32,3.75,3.78,2.86,2.39,-0.47,-0.64,94.69,99.39,1477.92,6226.05,1478.19,4.93,1.93,0.64,0.81,9.21,3.67,3.65,6705696.0,3129588.0,0.16,751354.0
2026-04-17,17.48,98.1,118.08,4879.6,85.91,4.26,3.75,3.71,2.83,2.36,-0.48,-0.74,83.85,90.38,,6191.92,1461.66,4.88,1.9,0.62,0.8,9.12,3.65,3.65,6705696.0,3129588.0,0.14,751354.0
2026-04-20,18.87,98.05,118.24,4828.8,91.06,4.26,3.75,3.72,2.87,2.35,-0.48,-0.75,89.61,95.48,1469.26,6219.09,1470.31,4.88,1.91,0.61,0.81,9.15,3.63,3.65,6705696.0,3129588.0,0.5,751354.0
2026-04-21,19.5,98.41,118.43,4719.6,93.64,4.3,3.75,3.78,2.85,2.38,-0.48,-0.75,92.13,98.48,1485.8,6388.47,1478.52,4.89,1.92,0.63,0.8,9.13,3.63,3.65,6705696.0,3129588.0,0.81,751354.0
2026-04-22,18.92,98.59,118.6,4753.0,94.76,4.3,3.75,3.79,2.84,2.38,-0.48,-0.75,92.96,101.91,1477.96,6417.93,1480.61,4.9,1.92,0.64,0.79,9.13,3.64,3.65,6707419.0,2901825.0,0.54,1005968.0
2026-04-23,19.31,98.8,118.72,4724.0,99.27,4.34,3.75,3.83,2.86,2.42,-0.48,-0.75,95.85,105.07,1479.95,6475.81,1479.19,4.92,1.92,0.66,0.8,9.15,3.65,3.65,6707419.0,2901825.0,0.11,1005968.0
2026-04-24,18.71,98.51,118.73,4740.9,98.42,4.31,3.75,3.78,2.86,2.42,-0.49,-0.67,94.4,105.33,,6475.63,1476.47,4.91,1.89,0.65,0.8,9.18,3.66,3.65,6707419.0,2901825.0,0.08,1005968.0
2026-04-27,18.02,98.48,118.55,4693.7,99.89,4.35,3.75,3.78,2.84,2.44,-0.5,-0.67,96.37,108.23,1473.0,6615.03,1473.4,4.94,1.91,0.66,0.81,9.08,3.66,3.65,6707419.0,2901825.0,0.36,1005968.0
2026-04-28,17.83,98.62,118.77,4608.4,103.45,4.36,3.75,3.84,2.85,2.44,-0.5,-0.67,99.93,111.26,1471.99,6641.02,1472.37,4.94,1.92,0.67,0.81,9.11,3.64,3.65,6707419.0,2901825.0,0.64,1005968.0
2026-04-29,18.81,98.92,119.1,4561.5,110.47,4.42,3.75,3.92,2.82,2.46,-0.5,-0.67,106.88,118.03,1487.38,6690.9,1487.69,4.98,1.96,0.71,0.81,9.09,3.63,3.65,6699950.0,2918599.0,0.75,981929.0
2026-04-30,16.89,98.08,118.67,4629.6,108.64,4.4,3.75,3.88,2.83,2.46,-0.5,-0.67,105.07,114.01,1474.01,6598.87,1477.93,4.98,1.94,0.7,0.81,9.09,3.66,3.65,6699950.0,2918599.0,8.26,981929.0
2026-05-01,16.99,98.21,118.39,4644.5,105.38,4.39,3.75,3.88,2.77,2.48,-0.5,-0.67,101.94,108.17,,,1477.22,4.97,1.91,0.7,0.81,9.04,3.64,3.65,6699950.0,2918599.0,0.61,981929.0
2026-05-04,18.29,98.47,118.83,4533.3,109.76,4.45,3.75,3.95,2.78,2.5,-0.5,-0.67,106.42,114.44,1476.05,6936.99,1476.01,5.02,1.95,0.73,0.8,9.1,3.63,3.65,6699950.0,2918599.0,0.62,981929.0
2026-05-05,17.38,98.48,118.62,4568.5,105.66,4.43,3.75,3.93,2.77,2.47,-0.5,-0.67,102.27,109.87,1473.96,,1478.41,4.98,1.96,0.73,0.79,9.11,3.62,3.65,6699950.0,2918599.0,1.12,981929.0
2026-05-06,17.39,98.02,118.1,4694.3,98.75,4.36,3.75,3.87,2.75,2.42,-0.5,-0.67,95.08,101.27,1444.45,7384.56,1447.01,4.94,1.94,0.7,0.78,9.07,3.61,3.65,6709505.0,3032588.0,1.63,877761.0
2026-05-07,17.08,98.25,118.01,4710.9,98.38,4.41,3.75,3.92,2.79,2.45,-0.5,-0.67,94.81,100.06,1454.79,7490.05,1453.85,4.97,1.96,0.71,0.79,9.15,3.6,3.65,6709505.0,3032588.0,0.77,877761.0
2026-05-08,17.19,97.84,118.04,4730.7,98.87,4.38,3.75,3.9,2.81,2.45,-0.51,-0.76,95.42,101.29,,7498.0,1461.06,4.95,1.93,0.7,0.79,9.2,3.6,3.65,6709505.0,3032588.0,0.79,877761.0
2026-05-11,18.38,97.94,118.06,4728.7,101.56,4.42,3.75,3.95,2.79,2.47,-0.51,-0.76,98.07,104.21,1474.45,7822.24,1469.91,4.98,1.95,0.72,0.78,9.31,3.6,3.65,6709505.0,3032588.0,1.13,877761.0
2026-05-12,17.99,98.29,118.52,4686.7,105.78,4.46,3.75,4.0,2.82,2.47,-0.51,-0.76,102.18,107.77,1492.99,7643.15,1490.32,5.03,1.99,0.74,0.77,9.37,3.6,3.65,6709505.0,3032588.0,1.2,877761.0
2026-05-13,17.87,98.48,118.47,4706.7,104.52,4.46,3.75,3.98,2.82,2.47,-0.51,-0.76,101.02,105.63,1489.84,7844.01,1490.11,5.03,1.99,0.75,0.76,9.31,3.59,3.65,6728502.0,3102810.0,3.72,838584.0
2026-05-14,17.26,98.88,118.67,4685.3,104.66,4.47,3.75,4.0,2.76,2.47,-0.51,-0.76,101.17,105.72,1493.34,7981.41,1491.75,5.02,2.0,0.75,0.76,9.22,3.56,3.65,6728502.0,3102810.0,2.03,838584.0
2026-05-15,18.43,99.27,119.28,4561.9,108.99,4.59,3.75,4.09,2.8,2.49,-0.51,-0.74,105.42,109.26,,7493.18,1499.61,5.12,2.1,0.81,0.75,9.35,3.55,3.65,6728502.0,3102810.0,0.65,838584.0
2026-05-18,17.82,98.97,119.06,4558.0,112.25,4.61,3.75,4.07,2.83,2.48,-0.51,-0.74,108.66,112.1,1492.32,7516.04,1494.67,5.14,2.13,0.83,0.75,9.42,3.53,3.65,6728502.0,3102810.0,7.19,838584.0
2026-05-19,18.06,99.3,119.45,4511.2,112.09,4.67,3.75,4.13,2.86,2.49,-0.51,-0.74,107.77,111.28,1507.85,7271.66,1508.49,5.18,2.18,0.86,0.76,9.48,3.51,3.65,6728502.0,3102810.0,12.91,838584.0
2026-05-20,17.44,99.11,119.16,4535.3,101.69,4.57,3.75,4.04,2.8,2.44,-0.51,-0.74,98.26,105.02,1499.77,7208.95,1498.77,5.11,2.13,0.83,0.75,9.4,3.5,3.65,6713643.0,3129562.0,24.87,781293.0
2026-05-21,16.76,99.19,119.37,4542.5,100.2,4.57,3.75,4.08,2.78,2.39,-0.51,-0.74,96.35,102.58,1504.4,7815.59,1508.47,5.1,2.18,0.83,0.75,9.39,3.51,3.65,6713643.0,3129562.0,3.28,781293.0
2026-05-22,16.7,99.32,119.29,4523.2,100.35,4.56,3.75,4.13,2.74,2.4,-0.51,-0.76,96.6,103.54,,7847.71,1517.33,5.07,2.16,0.83,0.74,9.39,3.55,3.65,6713643.0,3129562.0,0.96,781293.0
2026-05-25,16.59,,,,,,3.75,,2.74,,-0.51,-0.76,,,1514.79,,,,,,0.74,9.39,,3.65,6713643.0,3129562.0,,781293.0
2026-05-26,17.01,99.17,119.17,4502.3,97.63,4.5,3.75,4.01,2.72,2.4,-0.51,-0.76,93.89,99.58,1505.44,8047.51,1506.75,5.03,2.1,0.79,0.74,9.35,3.63,3.65,6713643.0,3129562.0,1.79,781293.0
2026-05-27,16.29,99.21,119.18,4448.4,92.35,4.48,3.75,4.0,2.71,2.39,-0.51,-0.76,88.68,94.29,1503.11,8228.7,1498.28,5.01,2.09,0.78,0.74,9.36,3.63,3.65,6704383.0,3066560.0,1.85,830296.0
2026-05-28,15.74,99.02,119.03,4499.3,92.65,4.45,3.75,3.99,2.72,2.39,-0.51,-0.76,88.9,93.71,1495.29,8185.29,1495.94,4.98,2.06,0.76,0.73,9.35,3.62,3.65,6704383.0,3066560.0,1.16,830296.0
2026-05-29,15.32,98.91,118.88,4593.0,91.16,4.45,3.75,3.98,2.72,2.38,-0.51,-0.67,87.36,92.05,,8476.15,1503.96,4.99,2.07,0.75,0.73,9.38,3.63,3.65,6704383.0,3066560.0,11.68,830296.0
2026-05-31,,,,,,,3.75,,2.74,,-0.5,-0.67,,,1506.84,,,,,,0.74,9.41,,3.65,6704383.0,3066560.0,,830296.0
2026-06-01,16.05,99.2,119.17,4506.3,95.96,4.47,3.75,4.05,2.72,2.4,-0.5,-0.67,92.16,94.98,1511.27,8788.38,1511.71,4.99,2.07,0.76,0.73,9.46,3.65,3.65,6704383.0,3066560.0,1.3,830296.0
2026-06-02,15.77,99.22,119.04,4519.9,97.47,4.46,3.75,4.05,2.71,2.39,-0.5,-0.67,93.76,96.0,1516.6,8801.49,1517.4,4.97,2.07,0.76,0.74,9.44,3.63,3.65,6704383.0,3066560.0,2.5,830296.0
2026-06-03,16.06,99.53,119.38,4466.9,99.76,4.49,3.75,4.08,2.75,2.38,-0.5,-0.67,96.02,97.81,1530.11,,1518.03,4.99,2.11,0.77,0.74,9.47,3.61,3.65,6711495.0,3013902.0,2.06,875713.0
2026-06-04,15.4,99.41,119.36,4505.0,96.83,4.47,3.75,4.05,2.74,2.36,-0.5,-0.67,93.04,95.03,1533.07,8639.41,1531.91,4.97,2.11,0.77,0.74,9.46,3.62,3.65,6711495.0,3013902.0,1.12,875713.0
2026-06-05,21.51,100.07,120.08,4365.3,94.32,4.55,3.75,4.17,2.76,2.36,-0.51,-0.86,90.54,93.09,,8160.59,1555.96,5.01,2.19,0.8,0.74,9.52,3.63,3.65,6711495.0,3013902.0,0.76,875713.0
2026-06-08,18.92,100.05,120.03,4363.4,95.0,4.56,3.75,4.15,2.75,2.35,-0.5,-0.86,91.3,94.25,1528.88,7484.41,1528.23,5.03,2.21,0.81,0.75,9.49,3.63,3.65,6711495.0,3013902.0,1.83,875713.0
2026-06-09,19.87,99.91,119.96,4286.4,91.9,4.53,3.75,4.13,2.78,2.33,-0.5,-0.86,88.2,91.45,1525.81,8096.93,1529.94,5.01,2.2,0.8,0.75,9.51,3.6,3.65,6711495.0,3013902.0,0.58,875713.0
2026-06-10,22.22,99.95,119.91,4133.3,93.68,4.55,3.75,4.13,2.8,2.34,-0.5,-0.86,90.03,93.1,1525.05,7730.82,1519.26,5.03,2.21,0.8,0.75,9.57,3.59,3.65,6725397.0,3080723.0,0.39,828122.0
2026-06-11,19.44,99.86,120.12,4114.0,91.58,4.45,3.75,4.05,2.78,2.29,-0.5,-0.86,87.71,90.38,1517.38,7763.95,1530.97,4.95,2.16,0.76,0.75,9.56,3.6,3.65,6725397.0,3080723.0,0.46,828122.0
2026-06-12,17.68,99.75,119.51,4238.8,88.62,4.48,3.75,4.09,2.71,2.31,-0.51,-0.77,84.88,87.33,,8123.62,1518.87,4.97,2.17,0.77,0.74,9.48,3.65,3.65,6725397.0,3080723.0,0.45,828122.0
2026-06-15,16.2,99.63,119.32,4351.6,84.65,4.47,3.75,4.07,2.66,2.32,-0.5,-0.77,80.75,83.17,1513.31,8545.98,1514.87,4.97,2.15,0.76,0.73,9.37,3.69,3.65,6725397.0,3080723.0,0.58,828122.0
2026-06-16,16.41,99.54,119.26,4354.4,79.8,4.43,3.75,4.05,2.71,2.29,-0.5,-0.77,76.05,78.96,1510.96,8726.6,1508.12,4.93,2.14,0.74,0.75,9.44,3.63,3.65,6725397.0,3080723.0,10.72,828122.0
2026-06-17,18.44,100.09,119.39,4381.4,80.65,4.49,3.75,4.2,2.63,2.26,-0.5,-0.77,76.79,79.55,1525.42,8864.24,1514.24,4.93,2.23,0.77,0.74,9.39,3.63,3.65,6736424.0,3033444.0,6.83,880713.0
2026-06-18,16.4,100.85,120.4,4245.9,80.35,4.46,3.75,4.19,2.66,2.25,-0.5,-0.77,76.6,79.85,1537.56,9063.84,1540.64,4.9,2.21,0.75,0.74,9.46,3.62,3.65,6736424.0,3033444.0,0.25,880713.0
2026-06-19,16.78,,,,,,3.75,,2.66,,-0.51,-0.95,,,,9052.42,,,,,0.74,9.47,,3.65,6736424.0,3033444.0,,880713.0
2026-06-22,17.28,101.02,120.55,4202.7,78.94,4.51,3.75,4.24,2.65,2.23,-0.51,-0.95,74.82,77.9,1539.05,9114.55,1537.86,4.95,2.28,0.76,0.74,9.47,3.61,3.65,6736424.0,3033444.0,3.92,880713.0
2026-06-23,19.49,101.41,121.06,4149.4,74.62,4.5,3.75,4.16,2.71,2.21,-0.51,-0.95,73.21,77.08,1535.25,8203.84,1532.43,4.94,2.29,0.76,0.74,9.56,3.62,3.65,6736424.0,3033444.0,6.48,880713.0
2026-06-24,18.63,101.61,121.41,4008.8,71.42,4.41,3.75,4.11,2.76,2.18,-0.51,-0.95,70.34,73.74,1542.76,8471.02,1542.53,4.86,2.23,0.72,0.75,9.64,3.62,3.65,6735645.0,2951416.0,4.53,918696.0
2026-06-25,18.89,101.43,121.06,4047.6,72.67,4.4,3.75,4.09,2.78,2.21,-0.51,-0.95,71.92,75.26,1546.48,8930.3,1541.44,4.86,2.19,0.7,0.76,9.68,3.64,3.65,6735645.0,2951416.0,5.72,918696.0
2026-06-26,18.41,101.36,120.89,4096.3,70.3,4.38,3.75,4.07,2.83,2.2,-0.51,-0.64,69.23,71.99,,8411.21,1533.44,4.87,2.18,0.68,0.77,9.73,3.62,3.65,6735645.0,2951416.0,6.43,918696.0
2026-06-29,17.65,101.11,120.95,4038.9,71.87,4.38,3.75,4.1,2.8,2.22,-0.51,-0.64,70.75,73.15,1541.73,8394.65,1542.07,4.86,2.16,0.68,0.76,9.67,3.62,3.65,6735645.0,2951416.0,3.55,918696.0
2026-06-30,16.45,101.19,120.92,4038.5,70.56,4.44,3.75,4.14,2.75,2.24,-0.51,-0.64,69.5,72.92,1548.61,8476.48,1548.78,4.91,2.2,0.7,0.76,9.7,3.68,3.65,6735645.0,2951416.0,26.9,918696.0
2026-07-01,16.59,101.39,121.15,4082.4,69.74,4.48,3.75,4.17,2.74,2.23,-0.51,-0.64,68.58,71.57,1551.81,8303.41,1550.59,4.97,2.25,0.72,0.76,9.68,3.66,3.65,6724564.0,2966897.0,1.0,880237.0
2026-07-02,16.15,100.86,120.69,4125.7,69.73,4.49,3.75,4.14,2.75,2.23,-0.51,-0.64,68.69,71.8,1542.13,7648.09,1538.05,4.98,2.26,0.73,0.75,9.71,3.64,3.65,6724564.0,2966897.0,2.17,880237.0
2026-07-03,15.81,,,,,,3.75,,2.74,,-0.52,-0.72,,,,8088.34,,,,,0.75,9.69,,3.65,6724564.0,2966897.0,,880237.0
2026-07-06,15.57,100.85,120.83,4167.5,69.6,4.48,3.75,4.13,2.72,2.24,-0.52,-0.72,68.55,71.99,1528.76,8051.33,1530.98,4.99,2.24,0.73,0.75,9.67,3.63,3.65,6724564.0,2966897.0,2.72,880237.0
2026-07-07,16.13,101.14,120.81,4157.4,71.53,4.55,3.75,4.19,2.67,2.25,-0.52,-0.72,70.44,74.16,1519.86,7656.31,1514.43,5.05,2.3,0.75,0.76,9.64,3.62,3.65,6724564.0,2966897.0,4.48,880237.0
2026-07-08,16.9,101.05,121.13,4082.4,74.56,4.56,3.75,4.21,2.7,2.25,-0.52,-0.72,73.52,78.02,1503.35,7246.79,1511.17,5.06,2.31,0.77,0.76,9.75,3.58,3.65,6735609.0,3098911.0,3.35,774062.0
2026-07-09,15.84,100.94,120.75,4140.8,73.15,4.54,3.75,4.16,2.7,2.23,-0.52,-0.72,72.08,76.3,1505.91,7291.91,1508.76,5.05,2.31,0.77,0.76,9.74,3.53,3.65,6735609.0,3098911.0,5.77,774062.0
2026-07-10,15.03,100.97,120.5,4113.7,72.45,4.56,3.75,4.21,2.69,2.24,-0.52,-0.88,71.41,76.01,,7475.94,1501.06,5.06,2.32,0.78,0.77,9.7,3.55,3.65,6735609.0,3098911.0,0.55,774062.0
2026-07-13,17.16,101.28,120.74,4005.7,79.2,4.62,3.75,4.26,2.69,2.26,-0.52,-0.88,78.14,83.3,1497.7,6806.93,1492.63,5.1,2.36,0.8,0.78,9.72,3.6,3.65,6735609.0,3098911.0,0.8,774062.0
2026-07-14,16.5,100.94,120.47,4069.7,80.44,4.58,3.75,4.18,2.72,2.25,-0.52,-0.88,79.34,84.73,1487.88,6856.83,1490.26,5.08,2.33,0.79,0.79,9.73,3.63,3.65,6735609.0,3098911.0,0.28,774062.0
2026-07-15,15.67,100.5,120.31,4051.8,80.73,4.55,3.75,4.13,2.71,2.23,-0.52,-0.88,79.6,84.95,1486.2,7284.41,1488.39,5.08,2.32,0.77,0.79,9.69,3.64,3.65,6743028.0,3142721.0,0.15,756218.0
2026-07-16,16.73,100.73,120.33,3992.1,80.03,4.57,3.75,4.16,2.71,2.22,-0.52,-0.88,78.95,84.23,1478.85,6820.6,1478.2,5.09,2.35,0.78,0.78,9.7,3.62,3.65,6743028.0,3142721.0,0.12,756218.0
2026-07-17,18.77,100.75,120.53,4018.8,83.43,4.55,3.75,4.18,2.73,2.24,-0.53,-0.7,82.49,88.1,,,1489.44,5.06,2.31,0.78,0.79,9.75,3.59,3.65,6743028.0,3142721.0,0.1,756218.0
2026-07-20,18.65,100.99,120.54,4015.9,84.38,4.6,3.75,4.21,2.69,2.25,-0.53,-0.7,83.23,89.22,1475.01,6516.27,1478.31,5.11,2.35,0.79,0.78,9.77,3.57,3.65,6743028.0,3142721.0,0.03,756218.0
2026-07-21,17.05,101.18,120.58,4076.4,86.04,4.63,3.75,4.26,2.69,2.26,-0.53,-0.7,84.91,91.01,1479.72,6747.95,1479.77,5.13,2.37,0.81,0.78,9.78,3.61,3.65,6743028.0,3142721.0,0.28,756218.0
2026-07-22,16.64,101.14,120.57,4151.9,87.66,4.67,3.75,4.31,2.68,2.28,-0.53,-0.7,86.83,94.07,1475.63,6797.7,1476.63,5.15,2.39,0.83,0.78,9.81,3.62,3.65,6747378.0,3062149.0,0.38,829623.0
2026-07-23,18.7,101.43,120.91,4050.2,93.08,4.71,3.75,4.37,2.77,2.28,-0.53,-0.7,92.19,100.69,1474.04,7096.89,1474.88,5.17,2.43,0.85,0.79,9.91,3.64,3.65,6747378.0,3062149.0,0.9,829623.0
2026-07-24,18.58,101.47,120.71,4070.8,91.74,4.69,3.75,4.33,2.79,2.26,-0.54,-0.83,89.31,96.78,,6690.62,1460.76,5.16,2.43,0.84,0.8,9.96,3.64,3.65,6747378.0,3062149.0,0.68,829623.0
2026-07-27,18.67,101.51,120.77,4077.0,84.25,4.65,3.75,4.31,2.81,2.21,-0.53,-0.83,82.61,88.36,1464.44,6755.75,1467.54,5.12,2.44,0.82,0.81,10.01,3.64,3.65,6747378.0,3062149.0,1.38,829623.0
2026-07-28,18.21,101.38,120.62,4038.7,80.91,4.61,3.75,4.26,2.84,2.2,-0.53,-0.83,79.26,84.09,1453.16,6023.66,1453.26,5.09,2.41,0.8,0.81,10.05,3.65,3.65,6747378.0,3062149.0,1.13,829623.0
2026-07-29,20.66,100.8,120.79,4036.3,86.08,4.67,3.75,4.22,2.87,2.26,-0.53,-0.83,84.46,90.74,1442.28,5663.24,1446.32,5.2,2.41,0.82,0.81,10.13,3.65,3.65,6738190.0,2984570.0,2.58,910776.0
2026-07-30,17.09,100.01,119.68,4100.1,85.15,4.68,3.75,4.23,2.84,2.27,-0.53,-0.83,83.59,89.03,1420.6,5593.56,1424.05,5.21,2.41,0.83,0.8,10.06,3.65,3.65,6738190.0,2984570.0,1.08,910776.0
2026-07-31,15.99,99.8,119.7,4107.0,86.16,4.75,3.75,4.28,2.85,2.28,-0.54,-0.5,84.67,90.12,,6595.45,1436.81,5.27,2.47,0.87,0.79,10.34,3.66,3.65,6738190.0,2984570.0,2.15,910776.0
2026-08-03,15.86,99.96,119.7,4090.5,81.96,4.7,3.75,4.25,2.78,2.27,-0.54,-0.5,80.34,83.77,1428.5,6257.45,1430.49,5.23,2.43,0.85,0.78,10.28,3.65,3.65,6738190.0,2984570.0,2.13,910776.0
2026-08-04,16.5,99.89,119.6,4152.6,77.33,4.63,3.75,4.2,2.73,2.23,-0.54,-0.5,75.77,79.36,1428.43,6358.95,1427.48,5.18,2.4,0.82,0.78,10.19,3.66,3.65,6738190.0,2984570.0,2.25,910776.0
2026-08-05,15.81,99.69,119.39,4305.2,76.78,4.63,3.75,4.18,2.75,2.22,-0.54,-0.5,75.22,79.45,1421.16,6598.26,1424.0,5.17,2.41,0.81,0.78,10.23,3.64,3.65,6748567.0,2993349.0,1.65,907324.0
2026-08-06,15.15,99.97,119.51,4299.6,78.88,4.69,3.75,4.25,2.71,2.26,-0.54,-0.5,77.29,82.49,1422.3,6296.38,1423.61,5.22,2.43,0.84,0.78,10.17,3.65,3.65,6748567.0,2993349.0,1.43,907324.0
2026-08-07,14.9,99.6,119.06,4399.7,79.77,4.65,3.75,4.19,2.7,2.25,-0.55,-0.77,78.18,83.55,,6258.77,1409.94,5.19,2.4,0.83,0.78,10.13,3.62,3.65,6748567.0,2993349.0,1.45,907324.0
2026-08-10,15.46,99.81,119.12,4419.7,83.76,4.72,3.75,4.25,2.7,2.29,-0.54,-0.77,82.13,87.72,1417.31,6299.66,1417.54,5.25,2.43,0.85,0.78,10.14,3.63,3.65,6748567.0,2993349.0,0.97,907324.0
2026-08-11,15.28,99.82,119.18,4441.1,84.77,4.7,3.75,4.22,2.72,2.27,-0.54,-0.77,83.2,88.91,1412.18,6345.53,1412.93,5.24,2.43,0.85,0.79,10.23,3.64,3.65,6748567.0,2993349.0,1.25,907324.0
2026-08-12,14.55,100.01,119.12,4467.5,84.97,4.68,3.75,4.2,2.71,2.26,-0.54,-0.77,83.27,88.98,1416.46,6579.04,1416.3,5.24,2.42,0.84,0.79,10.2,3.62,3.65,6759955.0,2944059.0,0.72,963950.0
2026-08-13,14.63,99.96,119.18,4420.4,82.77,4.63,3.75,4.15,2.71,2.24,-0.54,-0.77,81.25,87.07,1416.85,6813.34,1418.0,5.21,2.39,0.82,0.79,10.24,3.62,3.65,6759955.0,2944059.0,0.45,963950.0
2026-08-14,14.25,99.67,118.9,4437.3,83.99,4.68,3.75,4.17,2.67,2.27,-0.55,-0.83,82.4,88.52,,6977.94,1414.29,5.25,2.41,0.84,0.8,10.12,3.62,3.65,6759955.0,2944059.0,0.25,963950.0
2026-08-17,15.19,99.64,118.81,4473.7,86.04,4.72,3.75,4.19,2.7,2.28,-0.55,-0.83,84.5,90.87,1414.73,,1412.8,5.31,2.44,0.85,0.81,10.18,3.66,3.65,6759955.0,2944059.0,0.26,963950.0
2026-08-18,15.84,99.65,118.98,4420.6,86.48,4.71,3.75,4.19,2.75,2.3,-0.55,-0.83,84.94,91.02,1413.58,6869.83,1411.6,5.28,2.41,0.85,0.82,10.27,3.65,3.65,6759955.0,2944059.0,0.15,963950.0
2026-08-19,14.89,98.83,118.33,4545.3,87.28,4.65,3.75,4.19,2.73,2.3,-0.55,-0.83,85.83,91.62,1389.4,6471.17,1388.39,5.19,2.35,0.84,0.81,10.3,3.62,3.65,6745699.0,2935287.0,0.32,953612.0
2026-08-20,16.01,98.9,118.25,4571.4,89.75,4.69,3.75,4.19,2.75,2.34,-0.55,-0.83,87.83,93.78,1390.79,6852.58,1393.35,5.23,2.35,0.85,0.82,10.35,3.63,3.65,6745699.0,2935287.0,0.23,953612.0
2026-08-21,15.13,98.8,118.06,4680.6,87.21,4.74,3.75,4.24,2.7,2.34,-0.55,-0.81,87.06,94.39,,6912.95,1385.01,5.27,2.4,0.87,0.81,10.37,3.65,3.65,6745699.0,2935287.0,0.2,953612.0
2026-08-24,15.85,99.0,118.32,4697.8,86.34,4.7,3.75,4.24,2.69,2.32,-0.55,-0.81,85.01,92.17,1380.76,6696.96,1383.15,5.23,2.38,0.86,0.81,10.36,3.65,3.65,6745699.0,2935287.0,0.38,953612.0
2026-08-25,15.45,98.92,118.23,4694.5,83.9,4.64,3.75,4.17,2.7,2.32,-0.55,-0.81,82.36,88.58,1381.49,6742.74,1383.63,5.17,2.32,0.83,0.81,10.39,3.66,3.65,6745699.0,2935287.0,0.41,953612.0
2026-08-26,15.21,99.17,118.45,4653.3,83.46,4.66,3.75,4.19,2.67,2.32,-0.55,-0.81,82.23,87.84,1383.49,6808.21,1386.17,5.18,2.34,0.84,0.8,10.31,3.64,3.65,6730912.0,2924936.0,0.7,950736.0
2026-08-27,14.51,99.16,118.36,4664.0,84.81,4.67,3.75,4.2,2.63,2.33,-0.55,-0.81,83.53,89.7,1380.45,6912.37,1381.25,5.19,2.34,0.85,0.79,10.31,3.64,3.65,6730912.0,2924936.0,0.46,950736.0
2026-08-28,14.43,99.7,118.75,4529.9,84.57,4.73,3.75,4.34,2.6,2.31,-0.55,-0.85,83.4,89.31,,6788.88,1379.41,5.22,2.42,0.88,0.79,10.26,3.65,3.65,6730912.0,2924936.0,0.17,950736.0
2026-08-31,14.92,99.43,118.57,4481.5,87.03,4.75,3.75,4.34,2.63,2.31,-0.55,-0.85,85.76,90.49,1366.62,6820.02,1368.25,5.25,2.44,0.88,0.8,10.42,3.68,3.65,6730912.0,2924936.0,6.73,950736.0
2026-09-01,16.34,99.67,118.66,4396.4,91.48,4.79,3.75,4.39,2.65,2.35,-0.55,-0.85,90.22,94.65,1372.86,6835.8,1371.76,5.27,2.44,0.9,0.81,10.49,3.66,3.65,6730912.0,2924936.0,0.72,950736.0
2026-09-02,15.2,99.56,118.53,4414.6,92.15,4.79,3.75,4.39,2.66,2.34,-0.55,-0.85,91.01,95.63,1358.39,6562.72,1358.85,5.27,2.45,0.9,0.81,10.53,3.65,3.65,6737204.0,2894531.0,0.53,967935.0
2026-09-03,14.32,99.0,118.13,4539.9,92.55,4.77,3.75,4.34,2.65,2.35,-0.55,-0.85,91.3,95.52,1355.41,6579.48,1356.89,5.25,2.42,0.88,0.81,10.51,3.66,3.65,6737204.0,2894531.0,0.7,967935.0
2026-09-04,14.53,99.16,118.07,4476.6,92.69,4.78,3.75,4.37,2.68,2.35,-0.55,-0.79,91.48,96.28,,6687.21,1346.51,5.24,2.43,0.89,0.81,10.54,3.65,3.65,6737204.0,2894531.0,0.68,967935.0
2026-09-07,15.3,,,,,,3.75,,2.68,,-0.56,-0.79,,,1343.57,6995.39,,,,,0.81,10.55,,3.65,6737204.0,2894531.0,,967935.0
2026-09-08,15.72,98.84,117.91,4439.0,94.21,4.8,3.75,4.39,2.67,2.37,-0.56,-0.79,93.03,97.92,1339.21,6954.52,1341.22,5.25,2.43,0.89,0.81,10.56,3.64,3.65,6737204.0,2894531.0,0.63,967935.0
2026-09-09,16.46,98.77,117.88,4460.7,97.26,4.83,3.75,4.43,2.71,2.37,-0.56,-0.79,96.05,101.21,1339.17,7051.64,1339.81,5.28,2.46,0.9,0.81,10.64,3.64,3.65,6740619.0,2991310.0,0.43,883335.0
2026-09-10,17.84,99.09,118.08,4407.3,103.57,4.95,3.75,4.56,2.7,2.4,-0.56,-0.79,102.48,107.63,1348.17,7033.92,1345.63,5.37,2.55,0.95,0.8,10.7,3.62,3.65,6740619.0,2991310.0,4.74,883335.0
2026-09-11,15.84,99.12,118.21,4408.9,101.27,4.96,3.75,4.63,2.65,2.36,-0.54,-0.85,100.05,104.61,,6909.91,1340.3,5.35,2.6,0.96,0.8,10.76,3.62,3.65,6740619.0,2991310.0,5.25,883335.0
2026-09-14,17.1,99.46,118.69,4351.9,102.42,4.97,3.75,4.65,2.71,2.37,-0.56,-0.85,101.39,105.68,1345.61,6684.37,1346.6,5.34,2.6,0.96,0.8,10.81,3.62,3.65,6740619.0,2991310.0,1.42,883335.0
2026-09-15,17.2,99.65,118.88,4332.8,107.02,5.0,3.75,4.67,2.76,2.38,-0.56,-0.85,105.83,108.75,1363.57,6627.26,1361.84,5.36,2.62,0.96,0.8,10.85,3.64,3.65,6740619.0,2991310.0,0.7,883335.0
2026-09-16,17.71,100.31,118.92,4387.5,103.62,5.01,3.75,4.74,2.7,2.33,-0.56,-0.85,102.43,105.83,1376.6,6717.97,1367.65,5.35,2.68,0.97,0.78,10.76,3.62,3.65,6746548.0,3013794.0,5.38,877028.0
2026-09-17,15.44,100.22,119.35,4399.7,103.21,4.94,4.0,4.67,2.7,2.33,-0.56,-0.85,101.91,104.82,1379.53,6724.34,1380.46,5.29,2.61,0.94,0.78,10.76,3.85,3.9,6746548.0,3013794.0,0.28,877028.0
2026-09-18,14.81,100.22,119.51,4424.9,101.44,5.01,4.0,4.76,2.68,2.33,-0.52,-0.7,100.3,103.87,,,1387.97,5.34,2.68,0.96,0.77,10.83,3.85,3.9,6746548.0,3013794.0,0.58,877028.0
2026-09-21,14.87,100.43,119.4,4383.9,96.97,4.96,4.0,4.76,2.66,2.34,-0.55,-0.7,95.78,100.34,1373.68,,1374.81,5.29,2.62,0.94,0.77,10.77,3.85,3.9,6746548.0,3013794.0,0.58,877028.0
2026-09-22,14.21,100.6,119.59,4376.4,96.41,4.96,4.0,4.71,2.68,2.33,-0.55,-0.7,94.59,99.25,1350.36,,1359.06,5.29,2.63,0.93,0.77,10.75,3.87,3.9,6746548.0,3013794.0,0.45,877028.0
2026-09-23,15.18,101.1,120.12,4318.4,93.38,5.11,4.0,4.85,2.73,2.35,-0.55,-0.7,92.16,103.08,1362.5,,1366.99,5.4,2.76,0.99,0.77,10.93,3.87,3.9,6747704.0,2930193.0,0.46,977084.0
2026-09-24,15.67,101.29,120.55,4298.0,95.88,5.18,4.0,4.87,2.8,2.33,-0.55,-0.7,94.61,106.6,1367.36,,1369.44,5.47,2.85,1.03,0.79,11.12,3.88,3.9,6747704.0,2930193.0,0.63,977084.0
2026-09-25,14.87,100.97,120.33,4321.2,85.23,5.17,4.0,4.81,2.93,2.34,-0.51,-0.81,92.41,104.32,,,1356.51,5.49,2.83,1.02,0.81,11.28,3.9,3.9,6747704.0,2930193.0,0.58,977084.0
2026-09-28,16.07,101.2,120.7,4168.4,99.37,5.24,4.0,4.92,3.02,2.34,-0.51,-0.81,92.6,105.28,1359.56,,1359.78,5.56,2.9,1.05,0.83,11.46,3.9,3.9,6747704.0,2930193.0,0.85,977084.0
2026-09-29,16.04,101.37,121.03,4179.7,96.16,5.26,4.0,4.89,3.08,2.35,-0.51,-0.81,89.38,102.59,1350.5,,1355.4,5.59,2.91,1.06,0.84,11.57,3.88,3.9,6747704.0,2930193.0,11.45,977084.0
2026-09-30,16.34,101.45,120.97,4186.7,97.18,5.29,4.0,4.88,3.12,2.36,-0.51,-0.81,90.42,103.53,1356.84,,1355.91,5.64,2.93,1.08,0.84,11.79,3.9,3.9,6743031.0,2948090.0,11.54,948674.0
2026-10-01,16.39,102.1,121.79,4202.3,99.77,5.24,4.0,4.78,3.24,2.36,-0.51,-0.81,92.87,102.31,1360.59,,1364.83,5.61,2.88,1.06,0.86,12.15,3.87,3.9,6743031.0,2948090.0,0.35,948674.0
2026-10-02,15.31,101.93,121.38,4162.3,97.89,5.28,4.0,4.83,3.1,2.36,-0.49,-0.47,91.11,102.25,,,1345.75,5.63,2.92,1.08,0.85,12.02,3.88,3.9,6743031.0,2948090.0,1.5,948674.0
2026-10-05,15.52,102.17,,4156.8,96.13,5.31,4.0,4.84,3.12,2.36,-0.49,-0.47,89.43,100.32,1343.75,,,5.66,2.95,,0.84,12.11,3.89,3.9,6743031.0,2948090.0,1.0,948674.0
2026-10-06,15.01,101.83,,4187.1,96.24,5.27,4.0,4.79,3.03,2.36,-0.49,-0.47,89.44,100.58,1339.74,,,5.64,2.91,,0.83,12.14,3.9,3.9,6743031.0,2948090.0,0.41,948674.0
2026-10-07,15.08,102.24,,4140.7,,5.28,4.0,4.77,3.09,2.36,-0.49,-0.47,88.28,100.2,1339.08,,,5.67,2.92,,0.82,12.29,3.88,3.9,6747560.0,3029659.0,2.34,880253.0
2026-10-08,15.41,102.14,,4157.0,,5.22,4.0,4.75,3.15,2.35,-0.49,-0.47,91.49,104.28,1342.99,,,5.6,2.87,,0.82,12.52,3.87,3.9,6747560.0,3029659.0,0.34,880253.0
2026-10-09,,102.21,,4216.3,,,4.0,,,2.33,-0.49,-0.47,91.85,104.72,,,,,,,,,,3.9,6747560.0,3029659.0,0.3,880253.0
